"10467: Fødte, etter statistikkvariabel, fornavn og år"

"statistikkvariabel";"fornavn";"1950";"1955";"1960";"1965";"1970";"1975";"1980";"1985";"1990";"1995";"2000";"2005";"2010";"2015";"2020"
"Andel av fødte (prosent)";"Aage";0.135;0.111;0.064;0.045;0.017;0.018;.;0.010;0.012;.;.;.;.;.;.
"Andel av fødte (prosent)";"Aaron";.;.;.;.;.;.;0.011;0.013;0.012;0.019;0.011;0.042;0.058;0.115;0.078
"Andel av fødte (prosent)";"Aasmund";.;0.018;0.022;.;.;0.018;0.013;.;0.012;0.019;.;.;0.012;.;.
"Andel av fødte (prosent)";"Abbas";.;0.015;0.014;0.015;0.015;0.013;0.011;0.018;.;.;.;0.021;.;0.031;.
"Andel av fødte (prosent)";"Abdallah";.;.;.;.;.;.;.;0.010;.;0.016;0.020;0.018;0.020;.;.
"Andel av fødte (prosent)";"Abdi";.;0.023;0.022;0.032;0.034;0.034;0.045;0.042;0.020;0.030;0.023;0.015;0.014;0.025;.
"Andel av fødte (prosent)";"Abdirahman";.;.;0.014;0.012;0.029;0.018;0.021;0.031;0.032;0.024;0.063;0.076;0.064;0.078;0.021
"Andel av fødte (prosent)";"Abdul";0.034;0.029;0.048;0.025;0.022;0.021;0.016;0.034;0.032;0.038;0.091;0.030;0.041;0.031;0.033
"Andel av fødte (prosent)";"Abdulkadir";.;.;0.014;0.010;0.010;0.016;0.011;0.013;0.010;0.016;0.011;.;.;.;.
"Andel av fødte (prosent)";"Abdullah";.;.;0.014;.;0.012;0.018;0.021;0.039;0.030;0.046;0.057;0.058;0.046;0.056;0.021
"Andel av fødte (prosent)";"Abdullahi";.;0.015;0.014;0.027;0.032;0.029;0.042;0.047;0.025;0.027;0.046;0.036;0.026;0.037;0.025
"Andel av fødte (prosent)";"Abdulrahman";.;.;0.011;.;0.012;.;0.013;0.010;0.010;.;.;0.018;0.023;0.019;.
"Andel av fødte (prosent)";"Abel";.;.;.;.;.;.;0.013;0.016;0.027;0.035;0.060;0.015;0.032;0.159;0.239
"Andel av fødte (prosent)";"Abraham";.;.;0.020;.;0.010;0.013;0.016;0.037;0.027;0.011;0.014;.;.;0.016;.
"Andel av fødte (prosent)";"Adam";.;0.012;0.045;0.077;0.137;0.177;0.214;0.177;0.136;0.113;0.125;0.236;0.344;0.457;0.747
"Andel av fødte (prosent)";"Adel";.;.;.;0.015;.;0.016;0.011;.;.;.;.;.;.;.;.
"Andel av fødte (prosent)";"Adem";.;.;0.011;.;.;0.011;0.013;0.018;.;0.011;.;0.015;.;0.022;0.017
"Andel av fødte (prosent)";"Adil";.;.;.;0.010;0.010;.;0.011;0.016;0.015;0.016;0.017;.;.;0.025;.
"Andel av fødte (prosent)";"Adnan";.;.;0.017;0.010;0.015;0.029;0.037;0.052;0.032;0.038;0.017;0.021;0.017;0.022;0.021
"Andel av fødte (prosent)";"Adrian";.;.;0.011;0.015;0.025;0.058;0.090;0.214;0.385;0.720;1.121;1.394;1.100;0.734;0.528
"Andel av fødte (prosent)";"Agnar";0.061;0.058;0.034;0.020;0.025;0.013;.;0.010;.;0.011;0.011;.;0.014;.;.
"Andel av fødte (prosent)";"Ahmad";0.025;0.032;0.020;0.030;0.032;0.053;0.071;0.086;0.116;0.159;0.114;0.145;0.075;0.090;0.029
"Andel av fødte (prosent)";"Ahmed";0.049;0.020;0.092;0.065;0.120;0.095;0.180;0.237;0.133;0.159;0.145;0.130;0.133;0.106;0.070
"Andel av fødte (prosent)";"Ahmet";0.012;0.012;0.014;0.017;0.029;0.016;0.026;0.026;0.012;0.013;.;0.015;0.012;.;.
"Andel av fødte (prosent)";"Aiden";.;.;.;.;.;.;.;.;.;.;.;.;0.029;0.065;0.025
"Andel av fødte (prosent)";"Ailo";.;.;.;.;.;.;.;.;.;.;.;.;0.049;0.096;0.157
"Andel av fødte (prosent)";"Aksel";0.080;0.053;0.053;0.037;0.039;0.048;0.032;0.029;0.052;0.094;0.211;0.364;0.752;0.933;0.887
"Andel av fødte (prosent)";"Alan";0.015;0.012;0.025;0.020;0.010;0.024;0.024;0.037;0.027;0.038;0.026;0.055;0.069;0.100;0.083
"Andel av fødte (prosent)";"Albert";0.031;0.029;0.042;0.020;0.027;0.016;0.029;0.018;0.032;0.016;0.063;0.094;0.174;0.299;0.371
"Andel av fødte (prosent)";"Alejandro";.;.;0.011;.;.;0.018;0.011;.;0.015;0.011;.;0.015;0.014;0.016;.
"Andel av fødte (prosent)";"Aleksandar";.;.;.;.;.;0.016;0.029;0.026;0.022;0.019;.;0.015;.;0.016;.
"Andel av fødte (prosent)";"Aleksander";.;0.018;.;0.012;0.034;0.069;0.169;0.509;0.649;0.686;0.601;0.521;0.428;0.423;0.322
"Andel av fødte (prosent)";"Aleksandr";.;.;.;.;0.015;0.011;0.029;0.016;0.017;0.013;.;.;.;0.016;.
"Andel av fødte (prosent)";"Aleksandrs";.;.;.;0.010;.;0.013;0.029;0.018;0.012;.;.;.;.;.;.
"Andel av fødte (prosent)";"Alex";.;0.012;0.017;0.012;0.017;0.026;0.037;0.029;0.027;0.035;0.031;0.076;0.098;0.112;0.103
"Andel av fødte (prosent)";"Alexander";0.018;0.020;0.025;0.052;0.137;0.272;0.360;0.913;1.093;0.777;0.768;0.934;0.738;0.635;0.450
"Andel av fødte (prosent)";"Alexandru";.;.;.;.;.;.;0.024;0.026;0.037;0.019;0.011;.;0.017;.;.
"Andel av fødte (prosent)";"Alf";0.674;0.578;0.467;0.375;0.292;0.209;0.127;0.120;0.072;0.070;0.048;0.021;0.029;0.044;0.062
"Andel av fødte (prosent)";"Alfred";0.077;0.041;0.070;0.022;0.025;0.026;0.011;0.010;0.017;0.032;0.023;0.097;0.179;0.470;0.751
"Andel av fødte (prosent)";"Ali";0.061;0.079;0.112;0.105;0.123;0.137;0.175;0.217;0.165;0.194;0.245;0.209;0.194;0.168;0.140
"Andel av fødte (prosent)";"Allan";0.021;0.032;0.036;0.035;0.044;0.037;0.016;0.018;0.022;0.011;.;.;0.020;.;.
"Andel av fødte (prosent)";"Alv";0.037;0.020;0.014;0.012;.;.;.;.;.;.;.;.;0.012;.;.
"Andel av fødte (prosent)";"Alvin";.;.;.;.;.;.;.;.;.;.;0.011;0.030;0.090;0.112;0.074
"Andel av fødte (prosent)";"Amanuel";.;.;.;.;0.010;0.011;0.011;0.021;0.030;.;.;.;0.012;.;.
"Andel av fødte (prosent)";"Amar";.;.;.;.;.;.;0.013;0.010;.;0.013;.;0.012;0.029;0.012;.
"Andel av fødte (prosent)";"Amer";.;.;.;0.010;0.017;0.011;0.032;0.010;.;0.016;0.011;0.012;.;.;.
"Andel av fødte (prosent)";"Amin";.;.;.;.;.;.;0.019;0.021;0.030;0.022;0.046;0.036;0.032;0.034;0.041
"Andel av fødte (prosent)";"Amir";.;.;0.042;0.032;0.039;0.045;0.058;0.034;0.052;0.046;0.054;0.048;0.098;0.093;0.103
"Andel av fødte (prosent)";"Ammar";.;.;.;.;.;0.013;0.011;0.023;0.017;0.016;0.017;0.018;0.012;0.016;0.021
"Andel av fødte (prosent)";"Amund";0.046;0.035;0.028;0.015;0.017;0.071;0.108;0.078;0.059;0.145;0.142;0.179;0.214;0.190;0.248
"Andel av fødte (prosent)";"Anas";.;.;.;.;.;.;0.011;0.016;0.010;0.019;0.017;0.039;0.041;0.059;0.050
"Andel av fødte (prosent)";"Anders";0.395;0.336;0.445;0.517;0.569;0.985;1.325;1.442;1.360;1.188;0.694;0.500;0.301;0.109;0.111
"Andel av fødte (prosent)";"Andre";.;0.026;0.062;0.137;0.368;0.422;0.450;0.608;0.493;0.341;0.322;0.212;0.116;0.065;0.054
"Andel av fødte (prosent)";"Andreas";0.141;0.131;0.109;0.152;0.189;0.494;0.942;1.283;1.700;2.030;1.565;1.343;0.938;0.538;0.351
"Andel av fødte (prosent)";"Andrei";.;.;.;.;0.012;0.021;0.016;0.039;0.030;0.027;.;.;0.012;0.012;.
"Andel av fødte (prosent)";"Andrej";.;.;.;.;.;0.013;0.024;0.016;0.012;.;.;.;0.012;0.016;.
"Andel av fødte (prosent)";"Andres";0.015;.;.;.;0.010;0.013;0.019;0.026;0.020;0.016;0.017;.;.;.;.
"Andel av fødte (prosent)";"Andrew";0.021;0.015;0.017;0.042;0.047;0.032;0.032;0.044;0.027;0.013;0.014;.;0.017;.;.
"Andel av fødte (prosent)";"Andris";.;.;.;0.012;.;.;0.024;.;0.015;.;.;.;.;.;.
"Andel av fødte (prosent)";"Andrius";.;.;.;.;0.010;0.024;0.063;0.107;0.059;0.016;.;.;.;.;.
"Andel av fødte (prosent)";"Andrzej";0.028;0.076;0.154;0.117;0.167;0.164;0.143;0.068;0.027;0.011;.;.;.;.;.
"Andel av fødte (prosent)";"Annar";.;0.012;.;0.015;.;.;.;.;.;.;.;.;.;.;.
"Andel av fødte (prosent)";"Ansgar";0.021;0.018;0.014;0.010;.;.;.;.;.;.;.;.;.;.;.
"Andel av fødte (prosent)";"Anthony";.;0.020;0.025;0.015;0.012;0.011;0.019;0.031;0.012;0.019;0.034;.;0.014;.;.
"Andel av fødte (prosent)";"Anton";0.061;0.038;0.036;0.020;0.020;0.029;0.037;0.044;0.049;0.035;0.083;0.115;0.240;0.274;0.289
"Andel av fødte (prosent)";"Antoni";.;.;0.017;.;0.010;0.016;.;.;.;.;.;.;0.023;0.072;0.103
"Andel av fødte (prosent)";"Antonio";.;.;0.017;0.020;0.025;0.042;0.042;0.023;0.030;0.011;0.026;0.030;0.026;0.022;.
"Andel av fødte (prosent)";"Anwar";.;.;.;.;.;.;0.021;0.016;0.010;.;.;.;.;0.016;.
"Andel av fødte (prosent)";"Aram";.;.;.;.;.;.;.;0.010;0.015;0.019;.;0.012;0.012;0.019;0.033
"Andel av fødte (prosent)";"Are";0.058;0.079;0.090;0.137;0.159;0.201;0.087;0.117;0.126;0.051;0.060;0.064;0.023;0.040;.
"Andel av fødte (prosent)";"Ari";.;.;.;0.010;0.020;.;.;.;0.010;.;.;0.012;.;.;0.050
"Andel av fødte (prosent)";"Arian";.;.;.;.;.;.;.;.;.;0.024;0.034;0.073;0.116;0.103;0.153
"Andel av fødte (prosent)";"Arild";0.971;0.894;0.795;0.660;0.537;0.396;0.246;0.159;0.089;0.067;0.048;0.012;0.020;.;0.017
"Andel av fødte (prosent)";"Arkadiusz";.;.;.;0.020;0.049;0.108;0.108;0.073;0.035;0.011;.;.;.;.;.
"Andel av fødte (prosent)";"Arman";.;.;.;.;.;.;.;.;0.022;0.016;0.023;0.018;0.041;0.047;0.062
"Andel av fødte (prosent)";"Armin";.;.;.;.;.;.;0.013;0.010;0.015;0.016;0.017;0.021;0.017;0.025;0.017
"Andel av fødte (prosent)";"Arn";.;.;.;.;.;.;.;.;.;.;.;0.021;0.058;0.025;0.017
"Andel av fødte (prosent)";"Arne";2.289;1.796;1.385;1.192;0.669;0.399;0.349;0.185;0.192;0.151;0.114;0.121;0.075;0.062;0.062
"Andel av fødte (prosent)";"Arnfinn";0.279;0.321;0.190;0.120;0.081;0.037;0.040;0.018;0.020;.;.;.;.;.;.
"Andel av fødte (prosent)";"Arnold";0.092;0.038;0.036;0.015;.;.;.;0.010;.;.;.;.;.;.;.
"Andel av fødte (prosent)";"Arnstein";0.043;0.120;0.118;0.060;0.032;0.058;0.069;0.029;0.012;.;.;.;.;.;.
"Andel av fødte (prosent)";"Arnt";0.175;0.254;0.255;0.212;0.184;0.121;0.111;0.065;0.032;0.035;0.028;0.018;0.014;.;.
"Andel av fødte (prosent)";"Arnulf";0.058;0.032;0.042;0.022;0.010;.;.;.;.;.;.;.;.;.;.
"Andel av fødte (prosent)";"Aron";.;.;.;.;0.010;0.011;0.019;0.013;0.032;0.046;0.114;0.224;0.414;0.373;0.433
"Andel av fødte (prosent)";"Arthur";0.058;0.058;0.048;0.037;0.015;0.029;0.019;0.016;0.020;0.022;0.063;0.042;0.049;0.090;0.334
"Andel av fødte (prosent)";"Artur";.;.;0.017;0.040;0.071;0.143;0.138;0.115;0.054;0.046;0.011;0.018;0.023;0.028;0.017
"Andel av fødte (prosent)";"Arturas";.;.;.;0.020;0.027;0.032;0.024;0.050;0.037;.;.;.;.;.;.
"Andel av fødte (prosent)";"Arunas";.;.;.;0.025;0.039;0.037;0.021;0.034;.;0.011;.;.;.;.;.
"Andel av fødte (prosent)";"Arve";0.355;0.400;0.386;0.330;0.377;0.140;0.077;0.068;0.032;0.038;0.014;0.021;0.012;.;.
"Andel av fødte (prosent)";"Arvid";0.665;0.508;0.283;0.205;0.137;0.079;0.058;0.026;0.025;0.038;0.017;0.018;0.023;0.028;0.050
"Andel av fødte (prosent)";"Arvin";.;.;.;.;.;.;.;.;.;.;.;0.015;0.023;0.037;0.037
"Andel av fødte (prosent)";"Arvydas";.;.;.;0.010;0.010;.;.;0.026;0.012;.;.;.;.;.;.
"Andel av fødte (prosent)";"Aryan";.;.;.;.;.;.;.;.;.;.;.;0.039;0.049;0.034;0.050
"Andel av fødte (prosent)";"Asbjørn";0.647;0.426;0.246;0.257;0.172;0.116;0.127;0.089;0.089;0.065;0.060;0.027;0.032;0.034;0.066
"Andel av fødte (prosent)";"Asgeir";0.021;0.105;0.081;0.072;0.054;0.058;0.066;0.034;0.015;0.043;0.043;0.030;.;.;.
"Andel av fødte (prosent)";"Ask";.;.;.;.;.;.;.;.;0.010;0.032;0.074;0.158;0.182;0.159;0.244
"Andel av fødte (prosent)";"Aslak";0.031;0.035;0.034;0.040;0.027;0.042;0.034;0.037;0.035;0.067;0.063;0.109;0.101;0.103;0.140
"Andel av fødte (prosent)";"Asle";0.123;0.126;0.132;0.122;0.120;0.132;0.082;0.060;0.025;0.043;0.023;0.012;.;.;.
"Andel av fødte (prosent)";"Asmund";0.015;0.012;0.020;.;0.010;.;.;.;.;.;.;.;.;.;.
"Andel av fødte (prosent)";"Atle";0.251;0.298;0.392;0.425;0.446;0.333;0.220;0.188;0.138;0.081;0.046;0.027;0.012;0.012;0.041
"Andel av fødte (prosent)";"Audrius";.;.;.;.;0.022;0.021;0.034;0.055;0.025;.;.;.;.;.;.
"Andel av fødte (prosent)";"Audun";0.156;0.181;0.160;0.135;0.140;0.206;0.212;0.224;0.118;0.145;0.105;0.061;0.058;0.075;0.074
"Andel av fødte (prosent)";"August";.;.;.;.;.;.;.;.;0.025;0.126;0.213;0.279;0.188;0.249;0.264
"Andel av fødte (prosent)";"Aurimas";.;.;.;.;.;0.011;0.024;0.057;0.035;0.013;.;.;.;.;.
"Andel av fødte (prosent)";"Axel";0.025;0.023;0.020;0.035;0.037;0.026;0.029;0.039;0.076;0.070;0.125;0.118;0.179;0.264;0.211
"Andel av fødte (prosent)";"Ayman";.;.;.;.;.;0.011;0.011;.;.;.;.;0.012;0.026;0.037;0.062
"Andel av fødte (prosent)";"Baard";.;0.018;0.020;0.032;0.044;0.024;0.013;.;.;.;.;.;.;.;.
"Andel av fødte (prosent)";"Balder";.;.;.;.;.;.;.;.;.;0.019;0.014;0.024;0.052;0.028;0.058
"Andel av fødte (prosent)";"Bartlomiej";.;.;.;.;.;0.024;0.066;0.065;0.044;0.027;0.020;.;0.012;.;.
"Andel av fødte (prosent)";"Bartosz";.;.;.;.;.;0.016;0.042;0.063;0.047;0.027;.;.;0.023;.;.
"Andel av fødte (prosent)";"Bastian";.;.;.;.;.;.;.;.;0.012;0.022;0.040;0.082;0.087;0.137;0.107
"Andel av fødte (prosent)";"Ben";0.012;.;0.022;0.047;0.029;0.040;0.026;0.018;0.017;0.013;0.020;.;0.023;0.025;0.025
"Andel av fødte (prosent)";"Bendik";.;.;.;0.012;0.017;0.029;0.034;0.029;0.141;0.306;0.253;0.152;0.064;0.059;0.120
"Andel av fødte (prosent)";"Bengt";0.119;0.155;0.151;0.140;0.118;0.103;0.066;0.039;0.027;0.016;.;.;.;.;.
"Andel av fødte (prosent)";"Benjamin";0.015;.;.;0.010;0.029;0.053;0.098;0.091;0.276;0.489;0.936;0.967;0.929;0.790;0.821
"Andel av fødte (prosent)";"Benny";0.015;.;0.014;.;0.012;0.048;0.021;.;.;.;.;.;.;.;.
"Andel av fødte (prosent)";"Bent";0.089;0.161;0.215;0.202;0.206;0.119;0.066;0.034;0.047;0.016;.;.;.;.;.
"Andel av fødte (prosent)";"Bernard";.;.;.;.;0.012;0.013;.;.;.;0.011;.;.;.;0.025;0.025
"Andel av fødte (prosent)";"Bernhard";0.052;0.026;0.017;0.015;0.010;0.011;0.029;0.026;0.017;0.022;0.017;0.015;0.029;0.031;0.033
"Andel av fødte (prosent)";"Bernt";0.254;0.225;0.204;0.177;0.164;0.137;0.114;0.070;0.064;0.027;.;.;.;.;.
"Andel av fødte (prosent)";"Bertil";0.021;0.018;0.014;0.017;0.012;0.011;0.013;.;.;.;.;.;.;.;.
"Andel av fødte (prosent)";"Bilal";.;.;.;.;0.012;.;.;0.034;0.035;0.046;0.051;0.036;0.041;0.050;0.074
"Andel av fødte (prosent)";"Birger";0.319;0.190;0.157;0.092;0.039;0.037;0.056;0.039;0.017;0.030;0.020;0.018;0.012;.;0.025
"Andel av fødte (prosent)";"Birk";.;.;.;.;.;.;.;.;0.012;0.040;0.139;0.170;0.234;0.233;0.256
"Andel av fødte (prosent)";"Bjarne";0.475;0.336;0.185;0.165;0.135;0.103;0.103;0.065;0.049;0.040;0.014;.;.;0.019;.
"Andel av fødte (prosent)";"Bjarte";0.028;0.070;0.087;0.162;0.137;0.219;0.122;0.141;0.042;0.040;0.017;.;0.020;.;.
"Andel av fødte (prosent)";"Bjørge";0.012;.;0.011;0.017;0.022;0.034;0.019;.;0.010;.;.;.;.;.;.
"Andel av fødte (prosent)";"Bjørn";2.877;2.915;2.664;2.675;1.946;1.365;0.947;0.702;0.558;0.382;0.290;0.164;0.200;0.118;0.198
"Andel av fødte (prosent)";"Bjørn-Erik";.;.;.;0.010;0.025;0.021;0.024;0.021;0.010;0.016;.;.;.;.;.
"Andel av fødte (prosent)";"Bjørnar";0.178;0.178;0.179;0.247;0.238;0.261;0.254;0.227;0.222;0.199;0.151;0.109;0.052;0.047;0.058
"Andel av fødte (prosent)";"Bo";0.015;.;0.034;0.042;0.039;0.040;0.032;0.039;0.032;0.013;0.028;0.055;0.064;0.072;0.111
"Andel av fødte (prosent)";"Bogdan";0.012;0.026;0.011;0.055;0.032;0.026;0.029;0.034;0.012;0.011;.;.;.;.;.
"Andel av fødte (prosent)";"Boguslaw";.;.;0.022;0.017;0.025;0.024;0.016;.;.;.;.;.;.;.;.
"Andel av fødte (prosent)";"Borgar";0.012;0.015;.;.;0.017;0.016;.;.;0.010;.;0.017;0.015;.;.;.
"Andel av fødte (prosent)";"Boris";.;.;.;.;0.012;0.016;.;0.018;0.012;.;.;.;.;.;.
"Andel av fødte (prosent)";"Brage";.;.;.;.;0.012;0.013;0.013;0.016;0.039;0.118;0.253;0.349;0.385;0.401;0.454
"Andel av fødte (prosent)";"Brede";0.012;0.020;0.028;0.015;0.022;0.037;0.032;0.016;0.039;0.051;0.091;0.082;0.049;0.028;0.025
"Andel av fødte (prosent)";"Brian";0.021;.;0.011;0.017;0.022;0.032;0.037;0.031;0.030;0.046;0.063;0.048;0.067;0.025;0.021
"Andel av fødte (prosent)";"Bror";0.021;0.020;0.017;.;0.017;.;.;.;0.017;0.032;0.034;0.045;0.043;0.022;0.017
"Andel av fødte (prosent)";"Bruno";.;.;.;.;.;.;0.016;0.016;0.015;0.011;0.011;0.012;0.014;0.028;0.037
"Andel av fødte (prosent)";"Brynjar";0.031;0.020;0.036;0.025;0.017;0.045;0.019;0.010;0.032;0.032;0.034;0.030;0.014;0.019;0.025
"Andel av fødte (prosent)";"Brynjulf";0.025;0.020;0.022;.;0.010;.;.;.;.;.;.;.;.;.;.
"Andel av fødte (prosent)";"Børge";0.055;0.064;0.095;0.107;0.181;0.211;0.106;0.094;0.032;0.024;0.040;0.018;0.012;.;.
"Andel av fødte (prosent)";"Børre";0.064;0.064;0.095;0.052;0.100;0.055;0.029;.;.;.;.;.;.;.;.
"Andel av fødte (prosent)";"Bård";0.113;0.164;0.232;0.307;0.324;0.267;0.212;0.130;0.131;0.091;0.051;0.036;0.020;.;0.017
"Andel av fødte (prosent)";"Carl";0.138;0.108;0.154;0.112;0.127;0.153;0.201;0.217;0.227;0.207;0.159;0.094;0.124;0.112;0.099
"Andel av fødte (prosent)";"Carlos";0.018;0.020;0.039;0.025;0.027;0.048;0.056;0.034;0.030;0.019;0.031;0.033;.;0.012;.
"Andel av fødte (prosent)";"Carsten";0.015;0.012;0.042;0.032;0.042;0.026;0.019;.;0.010;0.011;.;.;.;.;0.021
"Andel av fødte (prosent)";"Casper";.;.;.;.;.;0.011;.;0.031;0.017;0.046;0.194;0.349;0.313;0.380;0.330
"Andel av fødte (prosent)";"Caspian";.;.;.;.;.;.;.;.;.;.;.;0.015;0.038;0.121;0.107
"Andel av fødte (prosent)";"Cato";0.037;0.041;0.118;0.140;0.230;0.235;0.177;0.172;0.121;0.075;0.026;0.021;0.012;0.012;.
"Andel av fødte (prosent)";"Charles";0.052;0.067;0.017;0.035;0.047;0.024;0.024;0.026;0.022;0.013;0.011;0.021;.;.;0.017
"Andel av fødte (prosent)";"Charlie";.;.;.;.;.;.;.;.;0.010;.;.;.;0.029;0.065;0.070
"Andel av fødte (prosent)";"Chris";.;.;.;.;0.029;0.053;0.048;0.143;0.200;0.148;0.091;0.061;0.049;0.034;0.017
"Andel av fødte (prosent)";"Christen";.;0.015;.;0.010;0.015;.;.;.;.;.;.;.;.;.;.
"Andel av fødte (prosent)";"Christer";0.012;.;0.011;0.025;0.108;0.190;0.159;0.347;0.479;0.134;0.091;0.058;0.035;0.022;.
"Andel av fødte (prosent)";"Christian";0.077;0.108;0.115;0.230;0.424;0.890;1.106;1.077;1.044;0.737;0.709;0.515;0.428;0.339;0.277
"Andel av fødte (prosent)";"Christoffer";.;.;.;.;0.015;0.042;0.119;0.321;0.614;0.476;0.472;0.267;0.200;0.115;0.066
"Andel av fødte (prosent)";"Christopher";0.028;0.018;0.036;0.022;0.049;0.092;0.140;0.263;0.318;0.207;0.185;0.152;0.061;0.072;0.037
"Andel av fødte (prosent)";"Claes";.;0.015;.;0.027;0.017;.;0.021;0.013;.;.;.;.;.;.;.
"Andel av fødte (prosent)";"Claus";0.012;0.038;0.050;0.025;0.029;0.050;0.021;.;.;.;0.014;.;.;.;.
"Andel av fødte (prosent)";"Colin";0.015;.;.;.;.;0.018;0.011;.;.;0.011;0.014;0.036;0.041;0.068;0.095
"Andel av fødte (prosent)";"Conrad";.;.;.;.;.;.;.;.;.;.;0.017;0.033;0.041;0.050;0.037
"Andel av fødte (prosent)";"Constantin";.;.;.;.;0.010;0.011;0.013;0.021;.;0.011;.;.;.;.;0.021
"Andel av fødte (prosent)";"Cornelius";.;.;.;.;.;.;.;.;0.012;.;0.020;0.030;0.035;0.072;0.041
"Andel av fødte (prosent)";"Cristian";.;.;.;.;.;0.024;0.026;0.021;0.012;0.022;.;.;.;.;.
"Andel av fødte (prosent)";"Dag";0.545;0.856;0.884;0.802;0.708;0.428;0.283;0.292;0.143;0.091;0.063;0.039;0.038;0.012;.
"Andel av fødte (prosent)";"Dagfinn";0.322;0.225;0.160;0.120;0.081;0.055;0.040;0.016;.;0.013;.;.;.;.;.
"Andel av fødte (prosent)";"Dainius";.;.;.;.;0.017;0.058;0.034;0.029;0.020;.;.;.;.;.;.
"Andel av fødte (prosent)";"Damian";.;.;.;.;.;0.032;0.079;0.123;0.086;0.073;0.023;0.021;0.032;0.019;0.033
"Andel av fødte (prosent)";"Dan";0.028;0.053;0.087;0.072;0.088;0.190;0.169;0.196;0.183;0.083;0.046;0.039;0.012;0.019;0.017
"Andel av fødte (prosent)";"Dani";.;.;.;.;.;0.011;.;0.023;0.032;0.019;0.014;0.012;.;0.012;0.029
"Andel av fødte (prosent)";"Daniel";0.028;0.020;0.034;0.067;0.083;0.449;0.794;1.127;1.619;1.551;1.380;1.346;1.091;0.846;0.561
"Andel av fødte (prosent)";"Danny";.;.;.;.;.;.;0.011;.;0.012;0.016;0.014;.;0.029;0.016;.
"Andel av fødte (prosent)";"Darius";.;.;.;.;0.037;0.077;0.071;0.078;0.015;.;.;.;0.017;.;.
"Andel av fødte (prosent)";"Dariusz";.;.;0.036;0.105;0.199;0.172;0.108;0.094;0.032;.;.;.;.;.;.
"Andel av fødte (prosent)";"David";0.110;0.079;0.106;0.125;0.152;0.240;0.328;0.292;0.303;0.344;0.336;0.655;0.399;0.442;0.376
"Andel av fødte (prosent)";"Dawid";.;.;.;.;.;.;0.061;0.086;0.104;0.078;0.048;0.039;0.026;0.025;0.021
"Andel av fødte (prosent)";"Dawit";.;.;.;.;.;0.018;0.021;0.010;0.017;0.016;.;.;.;.;.
"Andel av fødte (prosent)";"Deividas";.;.;.;.;.;.;0.021;0.034;0.032;0.024;.;0.021;.;.;.
"Andel av fødte (prosent)";"Dejan";.;.;.;.;0.017;0.024;0.019;0.023;0.012;.;.;.;.;.;.
"Andel av fødte (prosent)";"Denis";.;.;.;.;0.012;0.021;0.011;0.044;0.017;0.016;0.011;0.036;0.026;0.028;.
"Andel av fødte (prosent)";"Dennis";.;.;0.022;0.015;0.015;0.042;0.026;0.050;0.096;0.167;0.239;0.315;0.376;0.345;0.190
"Andel av fødte (prosent)";"Didrik";.;.;0.014;.;0.017;0.018;0.024;0.026;0.064;0.140;0.142;0.149;0.093;0.118;0.099
"Andel av fødte (prosent)";"Diego";.;.;.;.;.;.;0.019;0.016;0.025;0.022;0.011;0.012;0.012;0.022;.
"Andel av fødte (prosent)";"Dominic";.;.;.;.;.;.;.;.;.;.;.;0.012;0.017;0.025;0.025
"Andel av fødte (prosent)";"Dominik";.;.;.;.;.;.;0.026;0.037;0.042;0.046;0.014;0.030;0.029;0.040;0.045
"Andel av fødte (prosent)";"Donatas";.;.;.;.;.;0.011;0.040;0.078;0.032;0.016;.;.;.;.;.
"Andel av fødte (prosent)";"Dragan";.;0.012;0.011;.;0.015;0.029;0.021;.;.;.;.;.;.;.;.
"Andel av fødte (prosent)";"Eddie";.;0.018;0.025;0.027;0.020;.;.;.;0.010;.;.;.;.;.;0.021
"Andel av fødte (prosent)";"Edgar";0.098;0.079;0.053;0.047;0.027;0.026;0.013;0.026;0.010;.;0.014;0.021;0.012;0.025;0.041
"Andel av fødte (prosent)";"Edin";.;.;.;.;0.012;0.013;.;.;0.015;0.013;.;.;0.026;0.022;0.021
"Andel av fødte (prosent)";"Edmund";0.040;0.018;0.022;0.017;0.010;.;0.011;.;.;.;.;.;.;0.022;0.029
"Andel av fødte (prosent)";"Edvard";0.067;0.041;0.025;0.025;0.032;0.040;0.029;0.016;0.047;0.167;0.165;0.197;0.240;0.302;0.392
"Andel av fødte (prosent)";"Edvin";0.089;0.076;0.056;0.030;0.025;0.021;0.019;0.018;0.010;0.035;0.037;0.070;0.098;0.258;0.413
"Andel av fødte (prosent)";"Edward";0.018;0.041;0.048;0.030;0.012;0.034;0.024;0.029;0.027;0.043;0.051;0.042;0.084;0.081;0.066
"Andel av fødte (prosent)";"Edwin";0.015;.;.;0.015;0.017;.;0.013;0.010;0.012;0.013;.;0.021;0.043;0.075;0.107
"Andel av fødte (prosent)";"Egidijus";.;.;.;.;0.027;0.034;0.037;0.018;0.037;.;.;.;.;.;.
"Andel av fødte (prosent)";"Egil";0.879;0.748;0.467;0.380;0.240;0.180;0.103;0.068;0.017;0.056;0.034;0.015;0.017;0.028;0.021
"Andel av fødte (prosent)";"Eigil";0.043;0.020;0.014;0.012;0.017;0.021;0.013;.;0.010;.;.;.;.;.;.
"Andel av fødte (prosent)";"Eilert";0.034;0.023;0.025;.;0.012;.;0.016;0.018;.;0.011;.;0.018;.;0.016;.
"Andel av fødte (prosent)";"Eilif";0.092;0.044;0.014;0.020;0.022;0.011;.;.;.;0.030;.;0.027;0.017;0.025;0.033
"Andel av fødte (prosent)";"Einar";0.882;0.710;0.560;0.437;0.309;0.251;0.235;0.214;0.178;0.202;0.185;0.161;0.133;0.230;0.297
"Andel av fødte (prosent)";"Eirik";0.119;0.126;0.140;0.240;0.375;0.499;0.489;0.869;1.110;1.116;0.925;0.824;0.535;0.417;0.215
"Andel av fødte (prosent)";"Eivind";0.294;0.304;0.260;0.267;0.309;0.351;0.394;0.456;0.303;0.457;0.384;0.327;0.234;0.149;0.149
"Andel av fødte (prosent)";"Eldar";0.061;0.041;0.053;0.017;0.022;0.029;0.011;0.016;.;.;.;0.021;0.023;0.062;0.037
"Andel av fødte (prosent)";"Eliah";.;.;.;.;.;.;.;.;.;.;.;.;0.035;0.050;0.070
"Andel av fødte (prosent)";"Elias";.;0.012;.;.;0.012;0.013;0.024;0.031;0.067;0.207;0.660;1.209;1.053;1.058;1.028
"Andel av fødte (prosent)";"Elling";0.040;0.041;0.025;0.017;0.012;0.024;0.011;.;0.015;0.013;0.014;.;0.012;0.016;0.041
"Andel av fødte (prosent)";"Elliot";.;.;.;.;.;.;.;.;.;.;.;0.055;0.084;0.177;0.244
"Andel av fødte (prosent)";"Emanuel";.;.;.;.;.;.;.;0.016;.;0.016;0.017;0.027;0.043;0.068;0.037
"Andel av fødte (prosent)";"Emil";0.040;0.035;0.031;0.020;0.029;0.050;0.087;0.123;0.592;0.540;0.905;1.143;1.545;1.104;1.523
"Andel av fødte (prosent)";"Emilian";.;.;.;.;.;.;.;.;.;.;.;0.018;0.191;0.221;0.186
"Andel av fødte (prosent)";"Emilio";.;.;.;.;.;.;0.011;.;.;.;0.014;.;0.023;0.040;0.066
"Andel av fødte (prosent)";"Emir";.;.;0.011;.;.;0.011;.;0.013;0.012;.;.;0.018;0.029;0.034;0.054
"Andel av fødte (prosent)";"Emmanuel";.;.;.;.;0.010;0.013;0.013;0.013;0.020;0.019;0.020;.;0.035;0.022;0.033
"Andel av fødte (prosent)";"Emre";.;.;.;.;.;.;.;.;.;0.013;0.023;0.042;0.026;0.072;0.037
"Andel av fødte (prosent)";"Emrik";.;.;.;.;.;.;.;.;.;.;.;0.015;0.159;0.336;0.363
"Andel av fødte (prosent)";"Endre";0.070;0.061;0.062;0.070;0.120;0.156;0.127;0.112;0.128;0.140;0.162;0.149;0.107;0.090;0.045
"Andel av fødte (prosent)";"Eric";0.012;0.015;0.028;0.052;0.061;0.034;0.056;0.052;0.047;0.043;0.063;0.079;0.064;0.040;0.021
"Andel av fødte (prosent)";"Erik";0.977;0.894;0.865;0.942;0.836;0.578;0.804;0.736;0.920;0.828;0.757;0.715;0.622;0.535;0.557
"Andel av fødte (prosent)";"Erland";0.049;0.061;0.048;0.050;0.044;0.040;0.034;0.023;0.032;0.022;0.017;.;0.014;0.019;.
"Andel av fødte (prosent)";"Erlend";0.028;0.023;0.025;0.100;0.157;0.238;0.389;0.415;0.412;0.643;0.515;0.379;0.234;0.106;0.066
"Andel av fødte (prosent)";"Erling";0.411;0.426;0.322;0.202;0.152;0.106;0.116;0.094;0.133;0.091;0.137;0.124;0.078;0.106;0.153
"Andel av fødte (prosent)";"Ernst";0.110;0.120;0.098;0.075;0.051;0.037;0.016;0.016;0.017;0.011;.;.;.;.;.
"Andel av fødte (prosent)";"Esben";.;0.015;0.020;0.035;0.027;0.034;0.026;0.037;0.020;0.016;.;.;.;.;.
"Andel av fødte (prosent)";"Eskil";.;.;.;0.015;0.039;0.029;0.071;0.037;0.052;0.083;0.256;0.339;0.237;0.134;0.124
"Andel av fødte (prosent)";"Eskild";0.015;.;.;0.017;.;0.016;0.029;0.010;0.037;0.024;0.034;0.021;0.012;.;0.029
"Andel av fødte (prosent)";"Espen";0.031;0.164;0.294;0.467;0.963;1.132;0.902;1.119;1.071;0.809;0.367;0.170;0.052;0.065;0.054
"Andel av fødte (prosent)";"Esten";.;.;.;.;.;.;.;.;0.012;0.022;.;.;0.014;.;0.017
"Andel av fødte (prosent)";"Evald";0.018;0.015;0.020;.;.;.;.;.;.;.;.;.;.;.;.
"Andel av fødte (prosent)";"Evaldas";.;.;.;.;.;0.013;0.032;0.037;0.012;0.011;.;.;.;.;.
"Andel av fødte (prosent)";"Even";0.058;0.079;0.101;0.135;0.113;0.127;0.145;0.232;0.294;0.527;0.544;0.603;0.521;0.591;0.590
"Andel av fødte (prosent)";"Eystein";0.012;0.020;0.011;0.010;0.010;0.024;0.040;0.010;.;0.011;.;.;.;.;.
"Andel av fødte (prosent)";"Eyvind";0.028;0.023;0.017;.;0.017;0.016;0.016;0.021;0.010;.;.;.;.;.;.
"Andel av fødte (prosent)";"Fabian";.;.;.;.;.;.;0.011;0.034;0.047;0.070;0.125;0.212;0.090;0.109;0.083
"Andel av fødte (prosent)";"Faisal";.;.;.;.;.;0.024;0.013;0.018;0.020;.;.;.;.;.;.
"Andel av fødte (prosent)";"Falk";.;.;.;.;.;.;.;.;.;.;.;0.012;0.020;0.072;0.132
"Andel av fødte (prosent)";"Farhad";.;.;0.014;0.020;.;.;0.016;.;0.010;0.027;0.020;.;.;.;.
"Andel av fødte (prosent)";"Felix";.;.;.;.;0.010;0.018;0.024;0.018;0.042;0.046;0.125;0.300;0.304;0.591;0.578
"Andel av fødte (prosent)";"Ferdinand";.;.;.;.;.;.;.;0.010;0.010;0.024;0.034;0.091;0.101;0.106;0.058
"Andel av fødte (prosent)";"Fernando";.;.;0.014;.;.;0.018;0.021;0.016;0.010;0.011;.;.;.;.;.
"Andel av fødte (prosent)";"Filip";.;.;.;0.010;.;0.016;0.050;0.060;0.074;0.105;0.322;0.443;0.524;0.659;0.904
"Andel av fødte (prosent)";"Fillip";.;.;.;.;.;.;.;.;.;.;.;0.070;0.101;0.156;0.157
"Andel av fødte (prosent)";"Finn";0.653;0.499;0.381;0.342;0.176;0.124;0.077;0.081;0.052;0.032;0.063;0.036;0.052;0.093;0.140
"Andel av fødte (prosent)";"Flemming";.;0.029;0.014;0.020;0.034;0.021;.;.;0.010;.;0.011;.;.;.;.
"Andel av fødte (prosent)";"Florian";.;.;.;.;.;.;0.011;.;.;0.016;0.011;.;0.012;0.012;0.037
"Andel av fødte (prosent)";"Francis";.;.;0.014;.;.;.;0.011;0.021;.;0.011;.;.;0.012;.;.
"Andel av fødte (prosent)";"Francisco";.;0.012;0.014;0.017;0.010;0.024;0.026;0.031;0.010;0.016;0.011;.;.;.;.
"Andel av fødte (prosent)";"Franciszek";.;.;.;.;.;.;.;.;.;.;0.011;.;0.032;0.034;0.041
"Andel av fødte (prosent)";"Frank";0.499;0.646;0.789;0.885;0.814;0.599;0.439;0.279;0.178;0.083;0.046;0.018;0.014;0.050;0.041
"Andel av fødte (prosent)";"Frans";0.012;.;.;.;.;.;.;.;0.010;.;0.014;0.018;0.023;.;0.041
"Andel av fødte (prosent)";"Fred";0.080;0.111;0.109;0.235;0.096;0.040;0.029;0.018;0.017;0.011;0.014;0.012;.;.;.
"Andel av fødte (prosent)";"Freddy";0.086;0.111;0.081;0.067;0.120;0.087;0.037;0.037;0.020;.;.;.;.;.;.
"Andel av fødte (prosent)";"Frederik";.;.;.;.;.;0.021;.;0.031;0.047;0.032;0.043;0.048;0.035;0.016;.
"Andel av fødte (prosent)";"Fredrick";.;.;.;.;.;.;0.016;.;0.037;0.038;0.031;0.024;.;.;.
"Andel av fødte (prosent)";"Fredrik";0.067;0.050;0.056;0.060;0.147;0.420;0.577;0.663;1.295;1.277;1.158;0.931;0.535;0.473;0.310
"Andel av fødte (prosent)";"Fridtjof";0.031;0.020;.;0.017;0.015;0.011;.;0.013;0.020;0.030;0.014;0.027;.;0.022;.
"Andel av fødte (prosent)";"Frithjof";0.025;.;.;.;.;.;.;0.010;.;.;.;.;.;.;.
"Andel av fødte (prosent)";"Frits";0.021;0.012;0.011;.;.;.;.;.;.;.;.;.;.;.;.
"Andel av fødte (prosent)";"Fritz";0.049;0.035;0.034;0.022;0.010;0.011;.;.;.;.;.;.;.;.;.
"Andel av fødte (prosent)";"Frode";0.251;0.406;0.744;0.922;1.294;1.425;0.577;0.253;0.106;0.059;0.020;0.018;.;.;.
"Andel av fødte (prosent)";"Gabriel";0.018;0.023;0.014;0.015;0.025;0.032;0.037;0.037;0.052;0.070;0.202;0.355;0.509;0.448;0.446
"Andel av fødte (prosent)";"Gard";.;.;0.031;.;0.059;0.063;0.034;0.057;0.052;0.105;0.148;0.067;0.064;0.047;0.045
"Andel av fødte (prosent)";"Gaute";0.046;0.018;0.036;0.100;0.083;0.108;0.085;0.081;0.064;0.113;0.088;0.079;0.058;0.037;0.050
"Andel av fødte (prosent)";"Gediminas";.;.;.;.;0.010;0.011;0.013;0.031;0.030;.;.;.;.;.;.
"Andel av fødte (prosent)";"Geir";0.797;1.884;2.477;2.425;2.074;1.183;0.759;0.420;0.185;0.129;0.051;0.033;.;0.012;.
"Andel av fødte (prosent)";"Georg";0.119;0.108;0.062;0.077;0.042;0.069;0.061;0.031;0.025;0.067;0.088;0.036;0.096;0.165;0.190
"Andel av fødte (prosent)";"George";.;.;0.020;0.022;0.022;0.018;0.032;0.026;0.020;0.019;0.014;.;.;0.028;0.029
"Andel av fødte (prosent)";"Georgios";.;.;0.014;.;.;.;0.021;.;0.020;.;.;.;.;.;.
"Andel av fødte (prosent)";"Gerhard";0.015;0.018;0.022;0.017;0.017;.;.;.;.;.;.;.;.;.;.
"Andel av fødte (prosent)";"Gert";.;.;.;0.015;0.027;0.013;0.011;.;.;.;.;.;.;.;.
"Andel av fødte (prosent)";"Giedrius";.;.;.;.;0.025;0.024;0.024;0.037;0.020;.;.;.;.;.;.
"Andel av fødte (prosent)";"Gintaras";.;.;.;0.027;0.032;0.024;0.029;0.016;0.010;.;.;.;.;.;.
"Andel av fødte (prosent)";"Gisle";0.040;0.041;0.078;0.090;0.103;0.090;0.037;0.037;0.044;.;.;.;0.012;.;.
"Andel av fødte (prosent)";"Gjermund";0.034;0.035;0.039;0.072;0.078;0.066;0.050;0.047;0.047;0.035;0.046;0.024;0.014;.;0.017
"Andel av fødte (prosent)";"Gjert";0.028;0.015;0.020;0.022;0.029;.;0.011;.;.;.;.;.;.;.;.
"Andel av fødte (prosent)";"Glen";.;.;.;0.015;0.012;0.013;0.019;0.021;0.020;.;.;.;.;.;.
"Andel av fødte (prosent)";"Glenn";.;0.041;0.090;0.177;0.324;0.341;0.352;0.250;0.291;0.177;0.051;0.024;.;.;.
"Andel av fødte (prosent)";"Goran";.;.;.;0.010;0.034;0.032;0.029;0.018;0.017;.;.;.;.;.;.
"Andel av fødte (prosent)";"Gorm";.;0.018;0.011;0.020;0.037;0.021;.;.;.;0.011;0.017;0.012;.;.;.
"Andel av fødte (prosent)";"Grzegorz";.;0.015;0.034;0.065;0.135;0.269;0.209;0.159;0.049;0.024;.;.;.;.;.
"Andel av fødte (prosent)";"Gudbrand";0.021;0.015;0.017;0.010;.;.;.;.;.;.;.;.;.;.;.
"Andel av fødte (prosent)";"Gudmund";0.119;0.044;0.042;0.030;0.012;0.013;0.011;0.010;0.015;.;.;.;.;.;.
"Andel av fødte (prosent)";"Gunnar";1.520;0.993;0.688;0.582;0.358;0.219;0.153;0.094;0.067;0.070;0.074;0.036;0.023;0.047;0.058
"Andel av fødte (prosent)";"Gunvald";0.064;0.038;.;.;.;.;.;.;.;.;.;.;.;.;.
"Andel av fødte (prosent)";"Gustav";0.080;0.026;0.022;0.032;0.017;0.018;0.021;0.042;0.047;0.059;0.063;0.155;0.243;0.364;0.599
"Andel av fødte (prosent)";"Guttorm";0.095;0.044;0.045;0.032;0.032;0.024;0.016;.;.;.;.;.;0.012;.;0.017
"Andel av fødte (prosent)";"Gøran";.;0.012;0.025;0.045;0.074;0.084;0.071;0.057;0.062;0.054;0.034;.;.;.;.
"Andel av fødte (prosent)";"Haakon";0.028;0.035;0.036;0.055;0.047;0.069;0.063;0.081;0.136;0.151;0.236;0.112;0.188;0.184;0.132
"Andel av fødte (prosent)";"Haavard";0.012;.;0.014;.;.;.;0.019;.;.;0.011;0.014;.;.;.;.
"Andel av fødte (prosent)";"Hadi";.;.;.;.;.;.;.;.;0.015;0.011;.;0.012;0.017;0.022;.
"Andel av fødte (prosent)";"Haldor";0.028;.;0.017;0.012;.;0.016;.;.;.;0.011;.;.;.;0.019;.
"Andel av fødte (prosent)";"Halfdan";0.015;.;.;0.010;.;.;.;0.016;0.010;0.011;.;.;.;.;.
"Andel av fødte (prosent)";"Hallgeir";.;0.155;0.143;0.080;0.049;0.026;0.034;0.016;0.010;.;0.011;.;.;.;.
"Andel av fødte (prosent)";"Hallstein";0.015;0.018;0.017;.;.;0.016;.;.;.;.;.;.;.;.;.
"Andel av fødte (prosent)";"Hallvard";0.107;0.055;0.034;0.052;0.061;0.045;0.058;0.034;0.042;0.078;0.068;0.061;0.026;0.037;0.058
"Andel av fødte (prosent)";"Halvard";0.110;0.088;0.076;0.047;0.047;0.026;0.026;0.065;0.025;0.038;0.037;0.039;0.014;0.037;.
"Andel av fødte (prosent)";"Halvor";0.104;0.134;0.126;0.072;0.076;0.058;0.108;0.076;0.086;0.089;0.131;0.118;0.081;0.093;0.103
"Andel av fødte (prosent)";"Hamid";.;0.012;0.042;0.020;0.010;.;0.013;0.010;.;0.016;0.020;0.012;.;.;.
"Andel av fødte (prosent)";"Hamza";.;.;.;.;0.010;.;0.019;.;0.025;0.043;0.043;0.067;0.098;0.084;0.078
"Andel av fødte (prosent)";"Hans";1.443;1.244;1.072;1.180;0.958;0.697;0.727;0.488;0.496;0.470;0.467;0.221;0.229;0.196;0.144
"Andel av fødte (prosent)";"Hans-Petter";0.015;0.018;0.011;0.010;0.027;0.037;0.019;0.016;0.010;0.013;.;.;.;.;.
"Andel av fødte (prosent)";"Harald";1.278;0.967;0.770;0.655;0.510;0.346;0.233;0.185;0.146;0.169;0.174;0.082;0.084;0.143;0.144
"Andel av fødte (prosent)";"Haris";.;.;.;.;.;.;.;.;.;0.022;0.017;0.015;0.017;0.022;.
"Andel av fødte (prosent)";"Harry";0.260;0.169;0.092;0.075;0.044;0.021;0.011;.;0.027;0.011;.;.;.;.;.
"Andel av fødte (prosent)";"Hasan";0.015;.;0.017;0.017;0.047;0.018;0.034;0.031;0.020;0.043;0.031;0.033;0.020;0.025;.
"Andel av fødte (prosent)";"Hassan";0.012;0.020;0.045;0.050;0.059;0.048;0.063;0.078;0.062;0.089;0.068;0.055;0.061;0.047;0.029
"Andel av fødte (prosent)";"Hauk";.;.;.;.;.;.;.;.;.;.;0.034;0.027;0.029;0.037;0.029
"Andel av fødte (prosent)";"Heine";.;0.018;0.020;0.012;0.027;0.032;0.029;0.031;0.022;0.032;0.065;0.124;0.133;0.090;0.083
"Andel av fødte (prosent)";"Helge";1.204;1.110;0.826;0.762;0.566;0.306;0.275;0.162;0.138;0.046;0.040;0.042;0.023;0.025;0.037
"Andel av fødte (prosent)";"Helmer";.;.;0.017;.;.;.;.;.;.;.;.;.;0.014;0.106;0.136
"Andel av fødte (prosent)";"Henning";0.156;0.248;0.210;0.285;0.289;0.385;0.291;0.222;0.185;0.180;0.174;0.139;0.069;0.047;0.066
"Andel av fødte (prosent)";"Henrik";0.074;0.102;0.154;0.125;0.186;0.253;0.373;0.519;0.807;1.382;1.360;1.288;0.929;1.017;1.048
"Andel av fødte (prosent)";"Henry";0.178;0.108;0.050;0.040;0.027;0.032;0.013;0.016;0.037;0.035;0.054;0.048;0.064;0.205;0.421
"Andel av fødte (prosent)";"Henryk";.;0.018;0.042;0.027;0.010;.;.;.;.;.;.;.;.;.;.
"Andel av fødte (prosent)";"Herman";0.031;.;0.028;0.027;0.022;0.024;0.024;0.037;0.072;0.185;0.478;0.485;0.469;0.454;0.665
"Andel av fødte (prosent)";"Hermann";0.064;0.012;0.022;0.015;.;.;0.013;.;.;0.024;0.074;0.045;0.035;0.034;0.033
"Andel av fødte (prosent)";"Hermod";0.034;0.053;.;.;.;.;.;.;.;.;.;.;.;.;.
"Andel av fødte (prosent)";"Hilmar";0.037;0.015;0.022;0.012;.;.;.;.;.;.;.;.;0.023;0.012;0.017
"Andel av fødte (prosent)";"Hjalmar";0.037;0.041;0.014;0.012;.;.;.;.;.;0.013;0.014;0.024;0.023;0.016;0.041
"Andel av fødte (prosent)";"Hogne";0.012;0.029;0.022;0.020;0.025;0.026;0.016;.;.;0.016;0.017;0.024;.;.;.
"Andel av fødte (prosent)";"Holger";0.015;0.012;0.020;0.015;0.020;0.021;.;.;.;.;.;.;.;.;.
"Andel av fødte (prosent)";"Hubert";.;.;.;0.010;.;0.011;0.011;0.037;.;0.022;0.028;0.021;0.012;0.012;0.025
"Andel av fødte (prosent)";"Hugo";0.092;0.088;0.101;0.070;0.086;0.048;0.026;0.026;0.027;.;0.046;0.021;0.046;0.124;0.177
"Andel av fødte (prosent)";"Hussain";.;.;.;.;.;.;0.011;0.010;0.012;0.032;0.014;.;0.012;0.012;.
"Andel av fødte (prosent)";"Hussein";.;.;0.028;0.015;0.027;0.024;0.048;0.031;0.037;0.027;0.017;0.030;0.038;0.037;0.017
"Andel av fødte (prosent)";"Håkon";0.276;0.359;0.283;0.262;0.257;0.314;0.402;0.339;0.521;0.833;0.697;0.637;0.596;0.644;0.677
"Andel av fødte (prosent)";"Håvar";.;.;.;0.010;0.022;0.032;0.034;0.026;0.020;0.035;0.031;0.012;0.014;.;.
"Andel av fødte (prosent)";"Håvard";0.196;0.117;0.162;0.252;0.409;0.597;0.569;0.430;0.370;0.637;0.618;0.394;0.278;0.106;0.173
"Andel av fødte (prosent)";"Ian";0.028;.;0.025;0.015;0.027;0.013;0.016;0.026;.;0.013;0.026;0.024;0.035;0.034;0.054
"Andel av fødte (prosent)";"Ibrahim";0.012;0.035;0.020;0.047;0.039;0.071;0.074;0.110;0.064;0.091;0.068;0.130;0.133;0.168;0.120
"Andel av fødte (prosent)";"Idar";0.095;0.126;0.076;0.092;0.051;0.034;0.034;0.018;0.022;0.016;0.031;0.027;.;0.012;.
"Andel av fødte (prosent)";"Idris";.;.;.;.;.;.;0.013;0.021;.;.;.;.;.;0.028;0.037
"Andel av fødte (prosent)";"Igor";.;.;0.011;0.020;0.017;0.037;0.053;0.031;0.032;0.022;0.011;0.030;0.043;0.019;0.017
"Andel av fødte (prosent)";"Ilyas";.;.;.;.;.;.;.;.;.;.;0.017;0.027;0.014;0.050;0.066
"Andel av fødte (prosent)";"Imran";.;.;.;.;.;0.018;0.040;0.026;.;0.013;0.020;.;0.032;0.037;0.033
"Andel av fødte (prosent)";"Imre";.;.;.;.;.;.;.;.;.;0.011;0.020;0.052;0.058;0.062;0.045
"Andel av fødte (prosent)";"Ingar";0.175;0.117;0.106;0.087;0.110;0.048;0.026;0.044;0.037;0.011;0.014;.;0.014;.;.
"Andel av fødte (prosent)";"Inge";0.429;0.371;0.322;0.265;0.311;0.211;0.138;0.076;0.030;0.035;0.017;.;.;0.019;0.017
"Andel av fødte (prosent)";"Ingebrigt";0.018;0.015;.;0.010;0.010;.;.;.;.;.;0.014;.;.;.;.
"Andel av fødte (prosent)";"Ingmar";.;.;0.034;.;.;.;.;.;.;.;.;.;.;.;.
"Andel av fødte (prosent)";"Ingolf";0.025;0.023;0.025;0.010;0.010;.;.;.;.;.;.;.;.;.;.
"Andel av fødte (prosent)";"Ingvald";0.058;0.026;0.022;0.017;0.017;.;.;.;0.010;0.016;.;.;0.017;.;0.021
"Andel av fødte (prosent)";"Ingvar";0.092;0.096;0.062;0.055;0.039;0.029;0.024;0.026;0.012;0.022;.;0.015;.;.;.
"Andel av fødte (prosent)";"Ingve";0.015;0.015;0.014;0.012;0.027;0.011;0.021;0.016;0.015;0.022;0.011;.;.;.;.
"Andel av fødte (prosent)";"Ireneusz";.;.;.;0.025;0.034;0.029;0.024;.;.;.;.;.;.;.;.
"Andel av fødte (prosent)";"Isa";.;.;.;.;.;.;.;.;0.010;.;.;.;0.029;0.053;0.041
"Andel av fødte (prosent)";"Isaac";.;.;.;.;.;0.011;.;0.010;0.015;0.019;0.017;0.033;0.046;0.087;0.041
"Andel av fødte (prosent)";"Isac";.;.;.;.;.;.;.;.;.;.;0.034;0.042;0.035;0.075;0.070
"Andel av fødte (prosent)";"Isak";0.028;.;0.011;0.020;.;0.018;0.021;0.018;0.044;0.164;0.413;0.643;0.706;0.747;0.916
"Andel av fødte (prosent)";"Ismail";0.012;.;0.028;0.015;0.017;0.024;0.037;0.026;0.030;0.048;0.040;0.042;0.055;0.044;0.054
"Andel av fødte (prosent)";"Ivan";0.021;0.041;0.042;0.047;0.081;0.087;0.101;0.097;0.072;0.065;0.071;0.067;0.029;0.062;0.087
"Andel av fødte (prosent)";"Ivar";0.769;0.628;0.431;0.465;0.301;0.201;0.156;0.115;0.089;0.105;0.097;0.082;0.058;0.068;0.136
"Andel av fødte (prosent)";"Iver";0.046;0.023;0.022;0.025;0.025;0.021;0.019;0.026;0.044;0.062;0.179;0.303;0.408;0.488;0.648
"Andel av fødte (prosent)";"Ivo";.;.;.;.;0.010;0.018;0.013;0.013;.;.;.;0.015;0.020;0.040;0.037
"Andel av fødte (prosent)";"Jacek";.;.;0.025;0.100;0.147;0.132;0.111;0.081;0.015;0.011;.;.;.;.;.
"Andel av fødte (prosent)";"Jack";0.052;0.041;0.073;0.042;0.037;0.018;0.011;0.013;0.035;0.032;0.023;0.015;0.014;0.050;0.029
"Andel av fødte (prosent)";"Jacob";0.028;0.012;.;0.020;0.034;0.042;0.034;0.060;0.074;0.129;0.231;0.315;0.411;0.464;0.545
"Andel av fødte (prosent)";"Jahn";0.037;0.012;.;0.017;0.039;0.032;0.021;0.037;0.025;0.019;.;.;.;.;.
"Andel av fødte (prosent)";"Jakob";0.070;0.050;0.045;0.040;0.032;0.053;0.061;0.039;0.079;0.250;0.381;0.558;0.680;0.818;0.945
"Andel av fødte (prosent)";"Jakub";.;.;.;.;.;0.018;0.053;0.112;0.096;0.086;0.097;0.088;0.090;0.040;0.078
"Andel av fødte (prosent)";"Jamal";.;.;0.028;0.025;0.020;0.024;0.032;0.023;0.012;.;0.011;.;.;.;.
"Andel av fødte (prosent)";"James";0.012;0.012;0.017;0.030;0.054;0.026;0.050;0.052;0.032;0.030;0.023;0.030;0.041;0.044;0.045
"Andel av fødte (prosent)";"Jan";3.993;3.999;3.742;3.392;2.728;1.716;1.426;0.929;0.698;0.446;0.336;0.158;0.153;0.156;0.186
"Andel av fødte (prosent)";"Jan-Erik";0.061;0.073;0.048;0.080;0.074;0.042;0.048;0.042;0.035;0.019;.;.;.;.;.
"Andel av fødte (prosent)";"Janis";.;.;.;.;0.022;0.024;0.058;0.068;0.027;.;.;.;.;.;.
"Andel av fødte (prosent)";"Jann";0.040;0.044;0.017;0.025;0.020;.;.;.;.;.;.;.;.;.;.
"Andel av fødte (prosent)";"Janusz";0.018;.;0.073;0.057;0.054;0.055;0.029;0.018;.;.;.;.;.;.;.
"Andel av fødte (prosent)";"Jaran";.;.;.;.;.;.;.;.;0.012;0.011;0.014;0.018;0.032;0.012;.
"Andel av fødte (prosent)";"Jarand";.;.;.;.;.;.;.;.;0.020;0.035;0.046;0.021;0.023;.;.
"Andel av fødte (prosent)";"Jardar";.;.;.;.;0.015;.;.;.;.;0.030;0.028;0.021;0.017;.;.
"Andel av fødte (prosent)";"Jarl";0.092;0.082;0.115;0.112;0.064;0.063;0.034;0.039;0.057;0.038;0.028;.;0.014;0.025;.
"Andel av fødte (prosent)";"Jarle";0.346;0.339;0.445;0.540;0.453;0.296;0.294;0.180;0.106;0.051;0.034;0.021;0.020;0.037;0.017
"Andel av fødte (prosent)";"Jaroslaw";.;.;0.025;0.085;0.091;0.095;0.085;0.060;0.017;.;.;.;.;.;.
"Andel av fødte (prosent)";"Jason";.;.;.;.;0.027;0.018;0.026;.;0.010;0.011;0.014;0.012;0.023;0.022;0.037
"Andel av fødte (prosent)";"Jean";0.012;0.015;0.014;0.025;0.025;0.011;0.032;.;0.032;0.022;0.017;0.015;0.017;.;.
"Andel av fødte (prosent)";"Jens";0.438;0.374;0.285;0.335;0.277;0.251;0.225;0.250;0.222;0.309;0.327;0.246;0.194;0.236;0.462
"Andel av fødte (prosent)";"Jeppe";.;.;.;.;.;0.013;.;0.018;0.012;0.019;0.028;0.012;0.026;0.062;0.078
"Andel av fødte (prosent)";"Jerzy";0.021;0.035;0.078;0.065;0.059;0.024;0.021;.;.;.;.;.;.;.;.
"Andel av fødte (prosent)";"Jesper";.;.;.;0.012;0.022;0.029;0.024;0.039;0.064;0.124;0.265;0.427;0.336;0.361;0.388
"Andel av fødte (prosent)";"Jim";0.021;0.058;0.064;0.120;0.086;0.129;0.101;0.081;0.101;0.070;0.026;0.021;0.014;.;.
"Andel av fødte (prosent)";"Jimmy";.;.;0.020;0.017;0.025;0.048;0.037;0.037;0.039;0.032;0.017;.;0.014;.;.
"Andel av fødte (prosent)";"Jo";0.034;0.032;0.067;0.097;0.172;0.124;0.103;0.083;0.069;0.091;0.094;0.067;0.061;0.068;0.045
"Andel av fødte (prosent)";"Joachim";.;0.023;.;.;0.039;0.103;0.175;0.271;0.471;0.465;0.270;0.152;0.087;0.053;.
"Andel av fødte (prosent)";"Joacim";.;.;.;.;.;.;0.016;0.029;0.047;0.035;0.023;0.012;.;.;.
"Andel av fødte (prosent)";"Joakim";.;.;.;.;0.015;0.111;0.198;0.336;0.822;1.008;0.643;0.373;0.179;0.118;0.078
"Andel av fødte (prosent)";"Joao";.;0.012;.;.;.;.;0.021;0.016;0.015;0.019;.;.;.;0.012;.
"Andel av fødte (prosent)";"Joar";0.067;0.035;0.070;0.072;0.049;0.074;0.058;0.047;0.039;0.038;0.060;0.055;0.014;0.025;0.045
"Andel av fødte (prosent)";"Joel";.;.;.;.;0.010;0.016;0.011;0.023;0.020;0.011;0.040;0.076;0.069;0.096;0.066
"Andel av fødte (prosent)";"Johan";0.435;0.298;0.243;0.232;0.181;0.164;0.262;0.245;0.234;0.344;0.367;0.343;0.443;0.635;0.640
"Andel av fødte (prosent)";"Johann";0.018;0.012;0.011;0.017;0.017;.;0.011;.;0.012;0.051;0.040;0.012;0.020;0.044;.
"Andel av fødte (prosent)";"Johannes";0.230;0.164;0.129;0.090;0.074;0.079;0.116;0.128;0.146;0.358;0.447;0.746;0.634;0.737;0.970
"Andel av fødte (prosent)";"John";1.241;1.393;1.063;1.027;0.877;0.594;0.587;0.470;0.397;0.403;0.316;0.242;0.150;0.159;0.116
"Andel av fødte (prosent)";"Johnny";0.322;0.435;0.428;0.370;0.326;0.180;0.106;0.107;0.069;0.046;0.028;.;.;0.028;.
"Andel av fødte (prosent)";"Jomar";0.015;0.023;0.031;0.012;0.015;0.011;.;0.013;.;0.011;0.011;.;.;.;.
"Andel av fødte (prosent)";"Jon";0.729;0.721;0.831;0.835;0.792;0.692;0.704;0.610;0.506;0.454;0.302;0.236;0.153;0.159;0.132
"Andel av fødte (prosent)";"Jonah";.;.;.;.;.;.;.;.;.;.;.;0.024;0.078;0.044;0.054
"Andel av fødte (prosent)";"Jonas";0.012;0.029;0.022;0.032;0.049;0.111;0.220;0.540;0.834;1.323;1.443;1.437;1.210;0.949;0.830
"Andel av fødte (prosent)";"Jonatan";.;.;.;.;.;.;0.013;0.018;0.042;0.054;0.131;0.121;0.136;0.081;0.070
"Andel av fødte (prosent)";"Jonathan";.;.;0.011;.;0.022;0.011;0.048;0.094;0.111;0.161;0.316;0.418;0.561;0.432;0.367
"Andel av fødte (prosent)";"Jone";.;.;0.020;0.035;0.034;0.063;0.048;0.060;0.047;0.059;0.048;0.094;0.058;0.059;0.045
"Andel av fødte (prosent)";"Jonn";0.012;0.020;0.011;0.012;.;0.011;.;.;.;.;.;.;.;.;.
"Andel av fødte (prosent)";"Jonny";0.129;0.187;0.215;0.352;0.218;0.129;0.063;0.055;0.030;0.030;.;.;.;.;.
"Andel av fødte (prosent)";"Jorge";.;0.015;0.020;0.012;0.022;0.026;0.029;0.023;0.017;0.013;.;.;.;.;.
"Andel av fødte (prosent)";"Jose";0.031;0.032;0.056;0.057;0.059;0.058;0.069;0.047;0.035;0.019;0.011;0.012;.;0.016;.
"Andel av fødte (prosent)";"Josef";0.021;0.015;0.011;.;0.010;0.013;0.021;0.021;0.010;0.032;0.037;0.036;0.043;0.075;0.054
"Andel av fødte (prosent)";"Joseph";.;0.018;0.022;0.025;0.025;0.016;0.026;0.050;0.025;0.038;0.014;0.021;0.026;0.034;0.017
"Andel av fødte (prosent)";"Joshua";.;.;.;.;.;.;0.016;0.018;0.025;0.013;0.031;0.030;0.046;0.040;0.021
"Andel av fødte (prosent)";"Jostein";0.398;0.286;0.308;0.245;0.255;0.245;0.230;0.193;0.158;0.169;0.142;0.085;0.052;0.022;0.029
"Andel av fødte (prosent)";"Jozef";.;0.029;0.045;0.045;0.039;0.016;0.021;0.013;0.010;.;.;.;.;.;.
"Andel av fødte (prosent)";"Juan";0.012;0.029;0.011;0.020;0.039;0.045;0.040;0.039;0.032;0.038;0.017;0.024;0.012;0.019;.
"Andel av fødte (prosent)";"Julian";.;.;.;.;0.022;0.013;0.013;0.060;0.089;0.118;0.179;0.476;0.645;0.551;0.458
"Andel av fødte (prosent)";"Julius";.;.;.;.;0.012;0.013;0.016;0.021;0.025;0.027;0.037;0.055;0.052;0.028;0.021
"Andel av fødte (prosent)";"Justin";.;.;.;.;0.015;0.011;0.011;0.023;.;.;0.011;.;0.043;.;.
"Andel av fødte (prosent)";"Jøran";.;0.015;0.034;0.025;0.032;0.048;0.063;0.044;0.054;0.048;0.031;0.030;.;.;.
"Andel av fødte (prosent)";"Jørg";.;.;0.017;0.020;0.015;0.021;.;.;.;.;.;.;.;.;.
"Andel av fødte (prosent)";"Jørgen";0.159;0.152;0.126;0.155;0.213;0.343;0.524;0.519;0.770;1.040;0.820;0.518;0.327;0.180;0.215
"Andel av fødte (prosent)";"Jørn";0.178;0.333;0.507;0.560;0.515;0.399;0.265;0.214;0.151;0.078;0.060;0.012;.;.;.
"Andel av fødte (prosent)";"Jørund";0.012;0.026;0.017;0.027;0.017;0.032;0.021;.;0.010;0.024;0.023;.;.;.;.
"Andel av fødte (prosent)";"Kaare";0.037;0.020;0.017;0.015;0.025;0.018;0.011;.;.;.;.;.;.;.;.
"Andel av fødte (prosent)";"Kacper";.;.;.;.;.;.;.;.;.;.;0.077;0.076;0.043;0.059;0.070
"Andel av fødte (prosent)";"Kai";0.260;0.275;0.350;0.367;0.309;0.288;0.214;0.170;0.096;0.073;0.031;0.036;0.058;0.034;0.033
"Andel av fødte (prosent)";"Kaj";0.025;0.026;0.025;0.022;0.025;0.016;0.011;0.013;.;.;.;.;.;.;.
"Andel av fødte (prosent)";"Kamal";.;.;.;0.010;.;0.011;0.013;0.023;0.010;.;.;.;.;.;.
"Andel av fødte (prosent)";"Kamil";.;.;.;.;.;0.013;0.048;0.164;0.153;0.065;0.037;0.030;.;0.019;.
"Andel av fødte (prosent)";"Karim";.;.;.;0.015;0.012;.;0.013;0.021;0.015;.;.;0.018;0.017;0.031;0.017
"Andel av fødte (prosent)";"Karl";0.634;0.459;0.330;0.332;0.287;0.293;0.336;0.269;0.242;0.245;0.211;0.179;0.162;0.121;0.120
"Andel av fødte (prosent)";"Karol";.;.;.;.;.;.;0.058;0.060;0.052;0.024;0.014;0.024;0.012;0.019;0.025
"Andel av fødte (prosent)";"Karolis";.;.;.;.;.;.;.;0.031;0.049;.;.;.;0.012;.;.
"Andel av fødte (prosent)";"Karstein";0.092;0.079;0.036;0.020;0.027;0.018;0.011;.;.;.;.;.;.;.;.
"Andel av fødte (prosent)";"Karsten";0.147;0.061;0.059;0.060;0.059;0.042;0.045;0.031;0.032;0.032;0.048;0.039;0.052;0.047;0.087
"Andel av fødte (prosent)";"Kasper";.;.;.;.;.;0.024;0.019;0.023;0.057;0.086;0.268;0.415;0.518;0.582;0.586
"Andel av fødte (prosent)";"Kato";0.015;0.018;.;0.015;0.020;0.021;0.011;.;.;.;0.011;.;.;.;.
"Andel av fødte (prosent)";"Kay";0.018;0.035;0.042;0.050;0.042;0.066;0.098;0.050;0.039;.;.;.;.;.;.
"Andel av fødte (prosent)";"Kazimierz";.;0.015;0.045;0.030;0.017;0.013;0.013;.;.;.;.;.;.;.;.
"Andel av fødte (prosent)";"Ken";.;0.020;0.034;0.052;0.132;0.164;0.087;0.102;0.104;0.038;0.037;0.036;0.017;.;.
"Andel av fødte (prosent)";"Kennet";.;.;.;0.017;0.029;0.021;0.019;0.021;0.030;0.013;0.020;.;.;.;.
"Andel av fødte (prosent)";"Kenneth";0.018;0.088;0.160;0.260;0.623;0.916;0.815;0.858;0.693;0.293;0.122;0.094;0.020;0.019;0.025
"Andel av fødte (prosent)";"Kenny";.;.;.;.;.;.;.;0.021;0.015;0.013;0.026;.;0.014;.;.
"Andel av fødte (prosent)";"Kent";0.034;0.050;0.045;0.062;0.172;0.256;0.206;0.188;0.170;0.067;0.034;0.024;0.020;.;.
"Andel av fødte (prosent)";"Kestutis";.;.;0.014;0.012;0.015;0.024;0.040;0.013;0.035;.;.;.;.;.;.
"Andel av fødte (prosent)";"Ketil";0.144;0.196;0.241;0.235;0.255;0.185;0.077;0.047;0.039;0.016;.;.;.;.;.
"Andel av fødte (prosent)";"Kevin";.;0.012;0.014;0.012;0.017;0.071;0.074;0.083;0.158;0.419;0.450;0.464;0.402;0.292;0.219
"Andel av fødte (prosent)";"Khaled";.;.;0.014;0.022;0.032;0.024;0.050;0.042;0.017;0.032;0.017;0.015;0.023;0.012;.
"Andel av fødte (prosent)";"Khalid";0.015;0.020;0.022;0.027;0.020;0.013;0.045;0.029;0.010;0.038;0.040;0.027;0.043;0.040;0.037
"Andel av fødte (prosent)";"Khalil";.;.;.;.;.;.;0.016;0.018;0.010;0.016;0.014;0.012;0.014;0.012;.
"Andel av fødte (prosent)";"Kian";.;.;.;.;.;.;.;.;.;.;0.011;0.018;0.035;0.081;0.074
"Andel av fødte (prosent)";"Kim";.;0.032;0.064;0.100;0.110;0.644;0.796;1.004;0.989;0.387;0.273;0.109;0.072;0.050;.
"Andel av fødte (prosent)";"Kim-Andre";.;.;.;.;.;0.011;0.019;0.034;0.069;0.024;0.023;.;.;.;.
"Andel av fødte (prosent)";"Kjartan";0.031;0.023;0.048;0.070;0.059;0.114;0.087;0.065;0.039;0.048;0.037;.;.;.;.
"Andel av fødte (prosent)";"Kjell";2.758;2.386;1.797;1.597;1.027;0.615;0.452;0.227;0.165;0.108;0.068;0.048;0.023;0.012;0.017
"Andel av fødte (prosent)";"Kjetil";0.101;0.260;0.439;0.615;0.988;0.929;0.799;0.558;0.407;0.301;0.088;0.052;0.023;0.019;0.025
"Andel av fødte (prosent)";"Klaus";0.052;0.047;0.050;0.040;0.044;0.034;0.021;0.013;.;.;.;.;.;.;0.017
"Andel av fødte (prosent)";"Knut";2.047;1.829;1.690;1.602;1.115;0.710;0.598;0.446;0.338;0.293;0.259;0.179;0.107;0.112;0.136
"Andel av fødte (prosent)";"Kolbjørn";0.080;0.038;0.034;0.040;0.012;0.024;0.011;.;0.012;.;.;.;.;.;.
"Andel av fødte (prosent)";"Konrad";0.049;0.012;0.014;0.015;.;0.013;0.058;0.047;0.030;0.035;0.074;0.073;0.124;0.149;0.153
"Andel av fødte (prosent)";"Kornelius";.;.;.;.;.;.;.;.;.;0.011;0.023;0.036;0.049;0.028;0.087
"Andel av fødte (prosent)";"Kristen";0.067;0.061;0.036;0.027;0.027;0.016;0.016;0.023;.;0.024;0.014;.;.;.;.
"Andel av fødte (prosent)";"Krister";.;.;.;.;0.012;0.016;0.037;0.055;0.072;0.059;0.071;0.015;0.017;0.016;.
"Andel av fødte (prosent)";"Kristian";0.162;0.175;0.182;0.172;0.213;0.515;0.942;0.921;1.059;1.266;1.053;0.973;0.761;0.507;0.322
"Andel av fødte (prosent)";"Kristoffer";0.028;0.041;0.022;0.012;0.037;0.066;0.249;0.600;1.054;1.019;0.931;0.791;0.434;0.246;0.128
"Andel av fødte (prosent)";"Krystian";.;.;.;.;.;.;0.032;0.065;0.027;0.030;0.026;0.018;0.023;.;0.017
"Andel av fødte (prosent)";"Krzysztof";.;0.026;0.087;0.167;0.216;0.311;0.397;0.305;0.091;0.032;.;0.012;0.012;.;.
"Andel av fødte (prosent)";"Kurt";0.132;0.327;0.428;0.320;0.252;0.172;0.085;0.060;0.017;.;.;.;.;.;.
"Andel av fødte (prosent)";"Kyrre";0.061;0.053;0.020;0.047;0.039;0.092;0.045;0.034;0.022;0.035;0.020;0.012;0.017;0.012;.
"Andel av fødte (prosent)";"Kåre";0.925;0.625;0.411;0.277;0.213;0.135;0.074;0.060;0.027;0.035;0.011;0.027;0.012;0.034;.
"Andel av fødte (prosent)";"Lars";0.987;1.078;1.399;1.470;1.564;1.655;1.497;1.390;1.207;1.102;0.939;0.652;0.449;0.364;0.297
"Andel av fødte (prosent)";"Lars-Erik";.;0.015;.;0.017;0.051;0.024;0.032;0.029;0.039;0.024;0.011;.;.;.;.
"Andel av fødte (prosent)";"Lasse";0.119;0.088;0.137;0.202;0.240;0.322;0.270;0.282;0.402;0.339;0.194;0.161;0.101;0.081;0.124
"Andel av fødte (prosent)";"Laurits";0.015;0.018;.;.;.;.;.;.;.;.;0.011;0.036;0.046;0.022;0.041
"Andel av fødte (prosent)";"Lauritz";.;.;.;.;.;.;.;.;.;0.011;0.023;0.027;0.029;0.053;0.054
"Andel av fødte (prosent)";"Lavrans";.;.;.;.;.;.;.;.;.;.;0.011;0.030;0.026;0.062;0.161
"Andel av fødte (prosent)";"Leander";.;.;.;.;.;.;.;.;.;0.016;0.074;0.233;0.553;0.439;0.260
"Andel av fødte (prosent)";"Leif";1.125;0.938;0.756;0.665;0.473;0.306;0.251;0.180;0.136;0.097;0.068;0.039;0.049;0.034;0.062
"Andel av fødte (prosent)";"Leiv";0.116;0.070;0.059;0.057;0.029;0.032;0.024;0.016;.;.;0.011;.;.;.;.
"Andel av fødte (prosent)";"Lennart";.;0.023;0.022;0.025;0.022;0.034;0.034;0.029;0.020;.;.;.;.;.;.
"Andel av fødte (prosent)";"Leo";0.021;.;0.028;.;.;.;0.013;.;0.030;0.030;0.085;0.288;0.414;0.451;0.615
"Andel av fødte (prosent)";"Leon";0.015;0.026;0.028;0.012;0.015;0.011;0.019;0.023;0.015;0.040;0.137;0.400;0.920;0.750;0.673
"Andel av fødte (prosent)";"Leonard";.;.;.;0.012;.;.;.;.;.;0.016;0.028;0.064;0.072;0.121;0.111
"Andel av fødte (prosent)";"Leonardo";.;.;.;.;.;0.021;.;.;.;.;0.011;0.015;0.035;0.050;0.041
"Andel av fødte (prosent)";"Leszek";.;0.026;0.048;0.047;0.037;0.032;0.050;0.016;0.010;.;.;.;.;.;.
"Andel av fødte (prosent)";"Levi";.;.;.;.;.;0.011;0.016;0.010;0.025;0.024;0.028;0.033;0.124;0.177;0.343
"Andel av fødte (prosent)";"Liam";.;.;.;.;.;.;.;.;0.017;0.019;0.063;0.145;0.666;1.235;1.127
"Andel av fødte (prosent)";"Liban";.;.;.;.;.;0.011;0.013;.;.;0.022;0.017;.;.;.;.
"Andel av fødte (prosent)";"Linas";.;.;.;0.012;0.010;0.021;0.034;0.039;0.017;.;.;.;.;.;.
"Andel av fødte (prosent)";"Linus";.;.;.;.;.;.;.;.;0.012;.;0.046;0.236;0.414;0.277;0.190
"Andel av fødte (prosent)";"Loke";.;.;.;.;.;.;.;.;.;0.013;0.040;0.055;0.075;0.093;0.107
"Andel av fødte (prosent)";"Lorentz";.;0.018;0.014;.;.;.;.;.;.;.;.;.;.;.;0.033
"Andel av fødte (prosent)";"Louis";.;.;.;.;0.010;.;0.011;.;.;0.019;0.014;0.024;0.043;0.050;0.070
"Andel av fødte (prosent)";"Luca";.;.;.;.;.;.;.;.;0.010;0.016;0.017;0.039;0.067;0.096;0.103
"Andel av fødte (prosent)";"Lucas";.;.;.;.;.;.;0.013;0.010;.;0.065;0.122;0.364;0.967;0.703;0.590
"Andel av fødte (prosent)";"Ludvig";0.021;.;0.014;0.010;0.010;0.013;.;0.010;0.020;0.051;0.122;0.158;0.295;0.479;0.532
"Andel av fødte (prosent)";"Ludvik";.;0.015;.;.;.;.;.;.;0.017;0.013;0.063;0.133;0.232;0.177;0.260
"Andel av fødte (prosent)";"Luis";0.012;0.023;0.028;0.032;0.020;0.034;0.024;0.037;0.025;0.019;0.020;0.015;0.014;0.034;0.058
"Andel av fødte (prosent)";"Luka";.;.;.;.;.;.;.;.;.;.;0.020;0.036;0.081;0.062;0.095
"Andel av fødte (prosent)";"Lukas";.;.;.;.;.;.;0.013;0.023;0.039;0.091;0.182;0.567;0.582;0.579;0.557
"Andel av fødte (prosent)";"Lukasz";.;.;.;.;.;0.029;0.257;0.436;0.136;0.051;0.014;.;.;.;.
"Andel av fødte (prosent)";"Lyder";.;.;.;.;.;.;.;.;.;.;.;.;0.023;0.044;0.037
"Andel av fødte (prosent)";"Maciej";.;.;.;0.022;0.042;0.058;0.093;0.115;0.101;0.051;0.028;0.024;0.014;.;.
"Andel av fødte (prosent)";"Mads";0.015;0.020;0.028;0.012;0.074;0.121;0.196;0.266;0.382;0.328;0.296;0.303;0.226;0.156;0.045
"Andel av fødte (prosent)";"Magnar";0.257;0.231;0.168;0.112;0.078;0.063;0.037;0.021;0.017;0.022;0.031;0.018;0.012;.;0.017
"Andel av fødte (prosent)";"Magne";0.852;0.719;0.467;0.405;0.395;0.224;0.151;0.110;0.111;0.073;0.083;0.045;0.029;0.053;0.054
"Andel av fødte (prosent)";"Magnus";0.101;0.070;0.081;0.085;0.061;0.195;0.619;0.827;1.113;1.177;1.230;1.297;1.265;0.999;1.011
"Andel av fødte (prosent)";"Mahad";.;.;.;.;.;0.016;.;0.010;0.020;0.019;0.028;.;0.014;.;.
"Andel av fødte (prosent)";"Mahamed";.;.;0.022;0.015;0.012;0.029;0.019;0.013;0.020;.;0.028;0.027;0.026;.;.
"Andel av fødte (prosent)";"Mahdi";.;.;.;.;0.015;.;0.019;0.013;0.010;0.027;0.034;0.012;0.012;.;.
"Andel av fødte (prosent)";"Mahmoud";.;0.012;.;0.025;0.015;0.026;0.032;0.060;0.025;0.048;0.028;0.024;0.035;0.034;0.025
"Andel av fødte (prosent)";"Maksymilian";.;.;.;.;.;.;.;.;.;.;0.011;0.015;0.035;0.031;0.041
"Andel av fødte (prosent)";"Malik";.;.;.;0.012;0.010;.;.;.;.;.;0.017;0.015;0.014;0.034;0.041
"Andel av fødte (prosent)";"Malvin";0.028;0.026;0.028;.;.;.;.;.;.;.;.;.;0.012;0.019;0.050
"Andel av fødte (prosent)";"Mantas";.;.;.;.;.;.;0.026;0.068;0.067;0.035;0.014;0.012;.;.;.
"Andel av fødte (prosent)";"Manuel";.;.;0.014;0.012;0.022;0.016;0.034;0.034;0.025;.;0.011;.;0.017;0.016;.
"Andel av fødte (prosent)";"Marc";.;.;.;0.010;0.010;0.011;0.021;0.016;0.010;0.013;.;0.012;.;.;.
"Andel av fødte (prosent)";"Marcel";0.012;.;.;.;.;0.026;0.029;0.029;.;.;0.023;0.033;0.041;0.059;0.087
"Andel av fødte (prosent)";"Marcin";.;.;.;.;0.020;0.219;0.460;0.300;0.141;0.040;.;.;.;.;.
"Andel av fødte (prosent)";"Marco";.;.;.;0.020;0.022;0.045;0.040;0.026;0.030;0.030;0.037;0.030;0.023;0.050;0.037
"Andel av fødte (prosent)";"Marcus";.;.;.;0.012;0.027;0.042;0.063;0.086;0.173;0.487;0.780;0.667;0.553;0.386;0.248
"Andel av fødte (prosent)";"Marek";.;0.038;0.120;0.127;0.132;0.153;0.177;0.112;0.057;0.013;.;.;.;.;.
"Andel av fødte (prosent)";"Marian";.;0.026;0.042;0.040;0.027;0.053;0.042;0.023;.;.;.;.;.;.;.
"Andel av fødte (prosent)";"Mario";0.018;.;.;0.017;0.034;0.018;0.050;0.034;0.012;0.016;.;0.021;0.032;0.012;0.041
"Andel av fødte (prosent)";"Marius";.;0.020;0.034;0.040;0.132;0.441;0.844;1.208;1.456;1.444;1.241;0.979;0.738;0.451;0.277
"Andel av fødte (prosent)";"Mariusz";.;.;0.022;0.052;0.096;0.285;0.209;0.107;0.067;0.011;.;.;.;.;.
"Andel av fødte (prosent)";"Mark";0.015;0.023;0.036;0.042;0.061;0.042;0.032;0.057;0.030;0.032;0.020;0.024;0.026;0.025;0.029
"Andel av fødte (prosent)";"Marko";.;.;.;.;0.012;0.021;0.032;0.044;0.042;0.022;.;0.024;0.029;0.022;0.017
"Andel av fødte (prosent)";"Markus";.;.;0.014;.;0.034;0.066;0.058;0.104;0.217;0.780;1.019;0.952;0.747;0.747;0.483
"Andel av fødte (prosent)";"Martin";0.199;0.152;0.171;0.205;0.233;0.433;0.794;1.054;1.495;2.089;1.699;1.261;0.967;0.737;0.512
"Andel av fødte (prosent)";"Martinius";.;.;.;.;.;.;.;.;.;.;0.014;0.012;0.012;0.034;0.017
"Andel av fødte (prosent)";"Martinus";.;.;.;.;.;.;.;.;0.012;.;0.028;0.033;0.049;0.044;0.025
"Andel av fødte (prosent)";"Martynas";.;.;.;.;.;.;0.013;0.034;0.020;0.022;0.011;.;.;.;.
"Andel av fødte (prosent)";"Marvin";0.025;0.012;0.011;0.010;.;.;.;0.016;0.010;0.013;.;0.012;0.026;0.012;0.025
"Andel av fødte (prosent)";"Matas";.;.;.;.;.;.;.;.;.;.;.;0.021;0.029;0.028;0.033
"Andel av fødte (prosent)";"Mateo";.;.;.;.;.;.;.;.;.;.;.;0.021;0.049;0.103;0.202
"Andel av fødte (prosent)";"Mateusz";.;.;.;.;.;.;0.029;0.104;0.234;0.083;0.083;0.042;0.029;0.025;.
"Andel av fødte (prosent)";"Matheo";.;.;.;.;.;.;.;.;.;.;.;0.042;0.342;0.775;0.784
"Andel av fødte (prosent)";"Matheus";.;.;.;.;.;.;.;.;.;.;0.011;0.027;0.035;0.059;0.054
"Andel av fødte (prosent)";"Mathias";0.018;0.012;0.020;0.017;0.012;0.026;0.045;0.138;0.385;0.809;1.420;1.352;1.302;1.151;0.846
"Andel av fødte (prosent)";"Mathis";.;.;.;.;.;0.011;0.011;.;0.030;.;.;.;0.026;0.025;0.017
"Andel av fødte (prosent)";"Matias";.;.;.;.;.;.;.;0.018;0.064;0.102;0.162;0.121;0.113;0.112;0.099
"Andel av fødte (prosent)";"Mats";0.015;0.035;0.039;0.042;0.056;0.124;0.193;0.464;0.639;0.618;0.632;0.521;0.318;0.196;0.083
"Andel av fødte (prosent)";"Matteo";.;.;.;.;.;.;.;.;0.010;0.013;0.014;0.021;0.075;0.053;0.083
"Andel av fødte (prosent)";"Matthew";.;.;.;.;0.017;0.040;0.048;0.052;0.047;0.019;0.020;0.027;0.020;0.022;.
"Andel av fødte (prosent)";"Matthias";.;.;.;0.017;0.017;0.013;0.032;0.021;0.010;.;.;0.012;.;0.012;.
"Andel av fødte (prosent)";"Mattias";.;.;.;.;.;.;.;0.016;0.020;0.043;0.057;0.048;0.043;0.016;0.017
"Andel av fødte (prosent)";"Mattis";.;.;.;.;.;0.013;0.024;0.029;0.039;0.046;0.051;0.061;0.122;0.068;0.078
"Andel av fødte (prosent)";"Max";.;.;.;0.015;0.012;.;0.019;0.016;0.039;0.038;0.094;0.176;0.396;0.345;0.318
"Andel av fødte (prosent)";"Maximilian";.;.;.;.;.;.;.;.;.;0.030;0.037;0.052;0.078;0.068;0.054
"Andel av fødte (prosent)";"Mehdi";.;.;.;0.010;0.012;0.011;0.032;.;0.015;0.016;0.023;.;.;.;.
"Andel av fødte (prosent)";"Mehmet";0.015;0.015;0.031;0.030;0.025;0.034;0.040;0.034;0.020;.;0.020;0.012;0.026;0.016;.
"Andel av fødte (prosent)";"Melvin";.;.;.;.;.;.;.;0.010;.;.;.;0.027;0.058;0.068;0.107
"Andel av fødte (prosent)";"Michael";0.089;0.082;0.104;0.152;0.157;0.153;0.238;0.305;0.449;0.258;0.219;0.188;0.177;0.124;0.144
"Andel av fødte (prosent)";"Michal";.;0.012;0.017;0.017;0.022;0.050;0.265;0.274;0.178;0.121;0.037;0.039;0.026;0.012;.
"Andel av fødte (prosent)";"Miguel";.;.;0.011;0.010;.;0.024;0.013;0.023;0.027;.;0.014;0.012;0.023;0.016;0.017
"Andel av fødte (prosent)";"Mika";.;.;.;.;0.010;.;.;.;.;.;0.017;0.024;0.038;0.040;0.041
"Andel av fødte (prosent)";"Mikael";0.015;.;0.011;0.030;0.032;0.063;0.082;0.091;0.237;0.164;0.245;0.246;0.214;0.196;0.140
"Andel av fødte (prosent)";"Mikail";.;.;.;.;.;.;.;.;.;.;.;0.021;0.026;0.044;0.045
"Andel av fødte (prosent)";"Mikal";0.012;0.012;0.011;.;.;0.024;0.026;0.039;0.057;0.089;0.054;0.058;0.046;0.019;0.017
"Andel av fødte (prosent)";"Mike";.;.;.;.;.;0.011;0.013;.;0.022;0.019;0.014;.;.;0.012;.
"Andel av fødte (prosent)";"Mikkel";.;0.015;0.017;.;0.027;0.029;0.040;0.065;0.148;0.188;0.168;0.297;0.437;0.504;0.590
"Andel av fødte (prosent)";"Mikolaj";.;.;.;.;.;.;.;0.013;.;.;0.017;0.033;0.014;0.025;0.029
"Andel av fødte (prosent)";"Milan";0.021;0.012;.;0.017;0.020;0.024;0.019;0.021;0.027;.;0.017;0.021;0.041;0.140;0.099
"Andel av fødte (prosent)";"Milian";.;.;.;.;.;.;.;.;.;.;.;.;0.058;0.193;0.173
"Andel av fødte (prosent)";"Milos";.;.;.;0.012;.;0.011;0.021;0.010;0.022;0.013;.;0.012;.;.;.
"Andel av fødte (prosent)";"Mindaugas";.;.;.;.;.;0.034;0.114;0.094;0.064;0.019;.;.;.;.;.
"Andel av fødte (prosent)";"Minh";.;.;0.028;0.015;0.017;.;0.011;0.018;.;0.011;0.011;.;0.014;.;.
"Andel av fødte (prosent)";"Mio";.;.;.;.;.;.;.;.;.;.;.;0.012;0.078;0.137;0.239
"Andel av fødte (prosent)";"Miroslav";.;.;0.011;.;0.015;0.013;0.029;0.016;0.015;.;.;.;.;.;.
"Andel av fødte (prosent)";"Miroslaw";.;0.023;0.064;0.072;0.076;0.087;0.045;0.026;.;.;.;.;.;.;.
"Andel av fødte (prosent)";"Mohamad";.;0.015;0.011;0.022;0.037;0.045;0.074;0.073;0.067;0.067;0.100;0.112;0.116;0.068;0.037
"Andel av fødte (prosent)";"Mohamed";0.067;0.044;0.129;0.087;0.145;0.103;0.172;0.211;0.170;0.220;0.185;0.173;0.179;0.196;0.116
"Andel av fødte (prosent)";"Mohammad";0.202;0.134;0.185;0.147;0.167;0.127;0.177;0.248;0.197;0.229;0.270;0.309;0.246;0.277;0.169
"Andel av fødte (prosent)";"Mohammed";0.040;0.032;0.078;0.080;0.098;0.103;0.116;0.159;0.138;0.177;0.211;0.173;0.177;0.152;0.153
"Andel av fødte (prosent)";"Mons";0.012;0.012;.;.;.;0.011;.;.;.;0.016;.;0.036;0.038;0.028;0.041
"Andel av fødte (prosent)";"Morgan";.;0.012;.;0.015;0.020;0.058;0.040;0.021;0.020;0.038;0.051;0.036;0.043;0.016;.
"Andel av fødte (prosent)";"Morten";0.411;0.891;1.562;1.370;1.505;1.378;1.238;0.994;0.987;0.616;0.336;0.206;0.075;0.028;0.070
"Andel av fødte (prosent)";"Mostafa";.;.;.;0.017;.;.;0.013;0.013;0.010;0.027;0.020;0.015;.;0.019;.
"Andel av fødte (prosent)";"Muhammad";0.021;0.018;.;0.042;0.054;0.071;0.101;0.170;0.079;0.062;0.060;0.082;0.142;0.308;0.277
"Andel av fødte (prosent)";"Muhammed";.;.;.;.;.;.;.;0.018;0.012;0.011;0.014;0.045;0.058;0.065;0.058
"Andel av fødte (prosent)";"Mustafa";0.021;0.012;0.022;0.030;0.054;0.045;0.061;0.089;0.057;0.086;0.057;0.067;0.052;0.078;0.054
"Andel av fødte (prosent)";"Narve";0.015;0.026;0.011;0.012;0.015;0.011;.;.;.;.;.;.;.;.;.
"Andel av fødte (prosent)";"Natan";.;.;.;.;.;.;.;.;.;.;.;0.012;0.032;0.075;0.066
"Andel av fødte (prosent)";"Nataniel";.;.;.;.;.;.;.;.;.;0.013;0.011;0.039;0.032;0.031;0.021
"Andel av fødte (prosent)";"Nathan";.;.;.;.;.;.;.;.;0.010;0.022;.;0.024;0.049;0.031;0.041
"Andel av fødte (prosent)";"Nathaniel";.;.;.;.;.;.;.;.;.;0.013;0.034;0.070;0.156;0.165;0.083
"Andel av fødte (prosent)";"Neo";.;.;.;.;.;.;.;.;.;.;.;0.018;0.043;0.050;0.054
"Andel av fødte (prosent)";"Nerijus";.;.;.;.;.;0.040;0.071;0.050;0.020;.;.;.;.;.;.
"Andel av fødte (prosent)";"Nicholas";.;0.012;.;0.010;0.020;0.018;0.013;0.047;0.064;0.102;0.091;0.139;0.159;0.100;0.050
"Andel av fødte (prosent)";"Nicklas";.;.;.;.;.;.;.;0.010;0.064;0.067;0.054;0.091;0.122;0.078;0.041
"Andel av fødte (prosent)";"Niclas";.;.;.;.;.;0.018;0.011;0.018;0.049;0.040;0.028;0.030;0.046;0.025;.
"Andel av fødte (prosent)";"Nicolai";.;.;0.011;.;0.017;0.042;0.034;0.102;0.148;0.151;0.231;0.294;0.278;0.280;0.219
"Andel av fødte (prosent)";"Nicolas";.;.;.;.;.;0.013;0.026;0.021;0.057;0.051;0.063;0.058;0.090;0.128;0.062
"Andel av fødte (prosent)";"Nicolay";.;.;.;.;.;0.016;0.013;0.016;0.049;0.051;0.097;0.073;0.058;0.044;0.025
"Andel av fødte (prosent)";"Niels";0.049;0.026;0.045;0.045;0.029;0.032;0.024;0.016;0.027;0.013;0.011;.;0.012;.;.
"Andel av fødte (prosent)";"Niklas";.;.;.;.;0.010;0.013;0.021;0.050;0.153;0.161;0.216;0.273;0.252;0.199;0.074
"Andel av fødte (prosent)";"Nikola";0.012;.;.;.;.;.;0.034;0.039;0.022;0.022;0.017;0.018;0.017;0.012;0.025
"Andel av fødte (prosent)";"Nikolai";0.015;.;.;.;.;0.048;0.032;0.073;0.143;0.309;0.410;0.491;0.478;0.389;0.380
"Andel av fødte (prosent)";"Nikolas";.;.;.;.;.;.;.;0.010;0.022;0.027;0.014;0.061;0.078;0.075;0.066
"Andel av fødte (prosent)";"Nikolay";.;.;0.011;0.015;.;.;0.013;.;0.025;0.019;0.014;0.039;0.023;0.022;.
"Andel av fødte (prosent)";"Nils";1.005;0.730;0.719;0.622;0.561;0.401;0.320;0.256;0.210;0.161;0.171;0.164;0.139;0.190;0.260
"Andel av fødte (prosent)";"Njål";0.012;0.020;0.036;0.027;0.025;0.029;0.019;0.016;0.025;0.043;0.048;0.015;0.012;.;0.021
"Andel av fødte (prosent)";"Noa";.;.;.;.;.;.;.;.;.;.;.;0.052;0.052;0.053;0.070
"Andel av fødte (prosent)";"Noah";.;.;.;.;.;.;.;.;0.010;0.019;0.097;0.782;1.065;0.902;1.375
"Andel av fødte (prosent)";"Noel";.;.;.;.;.;.;.;.;.;.;0.014;0.021;0.046;0.081;0.107
"Andel av fødte (prosent)";"Norbert";.;0.012;.;.;.;0.055;0.029;0.023;0.012;.;.;.;0.014;.;.
"Andel av fødte (prosent)";"Normann";0.021;.;.;0.010;.;.;.;.;.;.;.;.;.;.;.
"Andel av fødte (prosent)";"Norvald";0.046;0.029;0.022;.;0.015;.;.;.;.;.;.;.;.;.;0.017
"Andel av fødte (prosent)";"Odd";1.805;1.557;1.301;1.037;0.735;0.391;0.357;0.248;0.158;0.129;0.083;0.048;0.023;0.019;0.017
"Andel av fødte (prosent)";"Oddbjørn";0.279;0.137;0.148;0.135;0.120;0.092;0.071;0.031;0.042;0.016;0.017;0.018;.;.;.
"Andel av fødte (prosent)";"Oddgeir";0.031;0.053;0.056;0.052;0.047;0.034;0.058;0.018;0.012;0.013;.;.;.;.;.
"Andel av fødte (prosent)";"Oddleif";0.018;0.020;0.017;0.012;0.010;.;.;.;.;.;.;.;.;.;.
"Andel av fødte (prosent)";"Oddmund";0.129;0.082;0.056;0.030;0.022;0.018;0.011;.;0.010;0.011;.;0.012;.;.;.
"Andel av fødte (prosent)";"Oddvar";0.493;0.380;0.218;0.157;0.123;0.071;0.037;0.039;0.015;0.011;0.017;0.015;0.014;0.012;0.017
"Andel av fødte (prosent)";"Oddvin";0.025;0.032;0.036;0.010;.;.;.;.;.;.;.;.;.;.;.
"Andel av fødte (prosent)";"Odin";.;.;.;0.010;.;0.011;0.013;0.018;0.049;0.126;0.239;0.346;0.382;0.457;0.615
"Andel av fødte (prosent)";"Ola";0.404;0.400;0.347;0.260;0.233;0.219;0.278;0.175;0.269;0.390;0.339;0.388;0.359;0.339;0.310
"Andel av fødte (prosent)";"Olaf";0.159;0.117;0.112;0.047;0.049;0.037;0.024;0.016;0.032;0.013;0.031;0.030;0.046;0.087;0.070
"Andel av fødte (prosent)";"Olai";.;.;.;.;.;.;.;.;.;0.022;0.026;0.055;0.078;0.224;0.211
"Andel av fødte (prosent)";"Olav";0.892;0.786;0.627;0.525;0.377;0.296;0.233;0.214;0.274;0.250;0.287;0.333;0.475;0.712;0.896
"Andel av fødte (prosent)";"Ole";1.480;1.379;1.564;1.382;1.240;1.159;1.137;1.142;1.281;1.210;0.959;0.646;0.550;0.423;0.396
"Andel av fødte (prosent)";"Ole-Christian";.;.;.;.;0.015;.;0.021;0.023;0.017;0.013;0.017;.;.;.;.
"Andel av fødte (prosent)";"Ole-Jørgen";.;.;.;0.010;.;.;0.011;0.010;0.012;0.024;0.023;.;.;.;.
"Andel av fødte (prosent)";"Ole-Kristian";.;.;.;.;0.012;0.024;0.040;0.018;0.030;0.024;0.020;0.012;.;.;.
"Andel av fødte (prosent)";"Ole-Martin";.;.;.;0.010;0.010;0.016;0.019;0.021;0.012;0.051;0.040;.;.;.;.
"Andel av fødte (prosent)";"Ole-Petter";.;.;0.017;.;0.017;0.013;0.011;.;0.015;0.013;0.011;.;.;.;.
"Andel av fødte (prosent)";"Oliver";.;.;.;.;0.020;0.034;0.024;0.029;0.059;0.094;0.364;1.031;1.163;1.313;1.461
"Andel av fødte (prosent)";"Olivier";.;.;.;.;0.010;0.011;0.013;.;.;.;.;.;0.029;0.050;0.045
"Andel av fødte (prosent)";"Olve";.;.;.;0.015;.;0.034;.;0.013;.;0.032;0.048;0.055;0.026;0.034;0.070
"Andel av fødte (prosent)";"Omar";0.015;0.012;0.034;0.035;0.039;0.045;0.098;0.099;0.086;0.065;0.074;0.112;0.107;0.124;0.111
"Andel av fødte (prosent)";"Omer";.;.;.;.;.;.;.;0.010;0.012;0.011;.;.;0.017;0.016;.
"Andel av fødte (prosent)";"Omid";.;.;.;.;.;0.011;0.013;0.016;0.030;0.013;.;0.012;.;.;.
"Andel av fødte (prosent)";"Oscar";0.015;0.015;0.017;.;0.010;0.034;0.024;0.047;0.079;0.159;0.273;0.385;0.388;0.554;0.355
"Andel av fødte (prosent)";"Oskar";0.031;0.055;0.022;0.025;0.015;0.016;0.024;0.042;0.049;0.207;0.342;0.503;0.634;0.631;0.726
"Andel av fødte (prosent)";"Osman";0.018;.;0.020;0.027;0.025;0.026;0.019;0.044;0.025;0.032;0.026;0.024;0.017;0.022;.
"Andel av fødte (prosent)";"Osvald";0.021;0.020;0.017;.;.;.;.;.;.;.;.;.;.;.;0.017
"Andel av fødte (prosent)";"Ottar";0.172;0.120;0.073;0.075;0.034;0.034;0.016;0.021;.;0.024;0.020;0.012;0.017;.;.
"Andel av fødte (prosent)";"Otto";0.150;0.161;0.118;0.057;0.025;0.034;0.019;0.010;.;0.013;0.017;0.027;0.032;0.065;0.095
"Andel av fødte (prosent)";"Ove";0.414;0.482;0.565;0.442;0.373;0.219;0.167;0.172;0.044;0.030;0.034;0.021;.;.;.
"Andel av fødte (prosent)";"Paal";0.018;0.032;0.048;0.105;0.071;0.050;0.021;0.031;0.025;0.032;0.017;0.021;.;.;.
"Andel av fødte (prosent)";"Patrick";.;.;.;0.030;0.039;0.034;0.053;0.159;0.269;0.315;0.279;0.358;0.232;0.143;0.070
"Andel av fødte (prosent)";"Patrik";.;.;.;.;0.010;.;0.011;0.031;0.047;0.030;0.080;0.100;0.064;0.059;0.029
"Andel av fødte (prosent)";"Patryk";.;.;.;.;.;.;0.026;0.029;0.044;0.105;0.043;0.015;0.035;0.016;0.025
"Andel av fødte (prosent)";"Paul";0.285;0.269;0.210;0.207;0.213;0.182;0.143;0.117;0.101;0.089;0.091;0.073;0.049;0.050;0.037
"Andel av fødte (prosent)";"Paulius";.;.;.;.;.;.;0.021;0.039;0.039;0.013;.;.;.;.;.
"Andel av fødte (prosent)";"Pavel";.;.;.;.;.;0.024;0.026;0.026;0.012;.;.;.;.;.;.
"Andel av fødte (prosent)";"Pawel";.;0.012;.;0.045;0.098;0.216;0.368;0.308;0.155;0.062;0.037;0.030;.;.;.
"Andel av fødte (prosent)";"Peder";0.083;0.073;0.092;0.055;0.051;0.061;0.058;0.115;0.084;0.210;0.268;0.188;0.269;0.268;0.244
"Andel av fødte (prosent)";"Pedro";.;.;.;0.012;0.020;0.013;0.037;0.023;0.012;.;.;0.015;.;0.012;.
"Andel av fødte (prosent)";"Pelle";.;.;.;.;.;.;.;.;.;.;.;0.039;0.029;0.019;0.037
"Andel av fødte (prosent)";"Per";3.257;3.175;2.617;2.455;1.468;0.948;0.767;0.587;0.464;0.374;0.205;0.158;0.113;0.078;0.103
"Andel av fødte (prosent)";"Per-Arne";0.018;0.023;0.020;0.032;0.015;0.021;0.016;0.010;.;.;.;.;.;.;.
"Andel av fødte (prosent)";"Per-Erik";0.012;0.018;0.014;0.012;0.012;0.013;0.011;.;.;.;.;.;.;.;.
"Andel av fødte (prosent)";"Peter";0.150;0.137;0.190;0.165;0.174;0.264;0.225;0.214;0.197;0.159;0.165;0.230;0.124;0.149;0.099
"Andel av fødte (prosent)";"Petter";0.279;0.333;0.378;0.352;0.355;0.333;0.370;0.483;0.666;0.675;0.450;0.376;0.258;0.240;0.149
"Andel av fødte (prosent)";"Philip";.;.;0.022;0.020;0.015;0.018;0.045;0.065;0.114;0.097;0.228;0.343;0.344;0.364;0.252
"Andel av fødte (prosent)";"Phillip";.;.;.;.;.;.;.;0.018;0.022;0.013;0.054;0.103;0.119;0.121;0.128
"Andel av fødte (prosent)";"Piotr";.;.;0.056;0.055;0.225;0.275;0.328;0.308;0.136;0.048;0.034;0.027;0.012;0.019;.
"Andel av fødte (prosent)";"Preben";.;0.012;0.014;0.030;0.059;0.092;0.061;0.094;0.207;0.194;0.213;0.139;0.046;0.016;.
"Andel av fødte (prosent)";"Przemyslaw";.;.;.;.;0.010;0.034;0.122;0.112;0.047;0.030;0.014;.;.;.;.
"Andel av fødte (prosent)";"Pål";0.224;0.362;0.571;0.605;0.730;0.694;0.505;0.378;0.308;0.172;0.105;0.067;0.020;0.025;0.021
"Andel av fødte (prosent)";"Radoslaw";.;.;.;.;0.010;0.053;0.095;0.068;0.017;0.019;.;.;.;.;.
"Andel av fødte (prosent)";"Rafael";.;.;.;0.012;.;0.018;0.016;.;0.017;0.019;.;0.027;0.046;0.053;0.074
"Andel av fødte (prosent)";"Rafal";.;.;.;.;0.042;0.282;0.212;0.143;0.062;0.019;0.011;.;.;.;.
"Andel av fødte (prosent)";"Ragnar";0.463;0.269;0.174;0.172;0.115;0.061;0.063;0.055;0.044;0.038;0.031;0.018;0.012;0.059;0.107
"Andel av fødte (prosent)";"Ragnvald";0.046;0.026;0.022;0.012;0.017;0.011;.;0.013;.;.;.;.;.;.;.
"Andel av fødte (prosent)";"Rainer";.;.;0.025;0.010;0.022;0.016;0.013;.;.;.;.;.;.;.;.
"Andel av fødte (prosent)";"Rami";.;.;.;.;.;.;0.016;0.016;.;.;0.014;0.015;0.017;.;0.021
"Andel av fødte (prosent)";"Ramunas";.;.;.;0.010;0.015;0.032;0.042;0.042;.;.;.;.;.;.;.
"Andel av fødte (prosent)";"Rasmus";0.025;0.026;0.020;0.010;0.015;0.050;0.058;0.073;0.099;0.086;0.142;0.161;0.130;0.084;0.062
"Andel av fødte (prosent)";"Ravn";.;.;.;.;.;.;.;.;.;.;0.020;0.024;0.023;0.022;0.041
"Andel av fødte (prosent)";"Rayan";.;.;.;.;.;.;.;.;.;.;.;0.030;0.041;0.090;0.111
"Andel av fødte (prosent)";"Raymond";0.034;0.058;0.081;0.127;0.196;0.330;0.280;0.248;0.185;0.032;0.034;0.012;.;.;.
"Andel av fødte (prosent)";"Reidar";0.637;0.532;0.330;0.220;0.154;0.092;0.108;0.052;0.047;0.030;0.031;0.015;.;0.019;.
"Andel av fødte (prosent)";"Remi";.;.;0.014;0.017;0.066;0.111;0.082;0.172;0.121;0.108;0.071;0.036;0.014;.;.
"Andel av fødte (prosent)";"Remy";.;.;.;.;0.010;0.037;0.013;0.055;0.039;0.016;0.026;0.021;.;.;.
"Andel av fødte (prosent)";"Rene";.;.;0.011;0.042;0.034;0.074;0.040;0.076;0.067;0.048;0.043;0.015;.;.;0.017
"Andel av fødte (prosent)";"Reza";.;0.012;0.017;0.022;0.017;0.018;0.011;0.026;.;0.027;0.020;.;.;.;.
"Andel av fødte (prosent)";"Ricardo";.;0.015;.;0.012;0.010;0.011;0.024;0.018;0.015;.;.;.;.;.;.
"Andel av fødte (prosent)";"Richard";0.061;0.061;0.078;0.127;0.228;0.240;0.212;0.196;0.148;0.156;0.068;0.033;0.038;0.022;0.017
"Andel av fødte (prosent)";"Rikard";.;.;.;0.010;0.020;0.026;0.024;0.031;0.037;0.043;0.026;0.015;.;.;.
"Andel av fødte (prosent)";"Rino";.;.;0.014;0.020;0.020;0.024;0.013;0.016;0.025;0.016;.;0.012;.;.;.
"Andel av fødte (prosent)";"Roald";0.309;0.248;0.252;0.132;0.115;0.053;0.042;0.029;0.015;0.019;0.017;.;0.014;0.012;0.021
"Andel av fødte (prosent)";"Roar";0.450;0.704;0.621;0.557;0.517;0.261;0.196;0.141;0.054;0.038;0.023;0.015;0.017;.;.
"Andel av fødte (prosent)";"Robel";.;.;.;.;.;.;.;0.026;0.022;0.013;0.017;.;0.014;.;.
"Andel av fødte (prosent)";"Robert";0.187;0.178;0.255;0.485;0.701;0.702;0.555;0.522;0.365;0.274;0.151;0.073;0.052;0.056;0.037
"Andel av fødte (prosent)";"Robertas";.;.;.;0.010;0.017;0.024;0.016;0.047;.;.;.;.;.;.;.
"Andel av fødte (prosent)";"Roberto";.;.;0.011;0.010;0.010;0.016;0.019;0.010;0.010;0.011;.;.;.;.;.
"Andel av fødte (prosent)";"Robin";.;0.020;0.028;0.032;0.100;0.079;0.114;0.133;0.518;0.516;0.461;0.318;0.191;0.180;0.091
"Andel av fødte (prosent)";"Roger";0.273;0.575;0.663;0.927;0.890;0.671;0.463;0.209;0.111;0.065;0.017;0.024;.;.;.
"Andel av fødte (prosent)";"Roland";.;0.023;0.014;0.017;0.012;0.029;0.016;.;.;.;0.011;.;0.012;0.012;.
"Andel av fødte (prosent)";"Rolandas";.;.;.;0.012;0.044;0.029;0.024;0.013;0.015;.;.;.;.;.;.
"Andel av fødte (prosent)";"Rolf";1.293;1.122;0.834;0.675;0.382;0.282;0.238;0.183;0.111;0.081;0.040;0.033;0.020;0.019;0.041
"Andel av fødte (prosent)";"Rolv";0.061;0.047;0.011;0.017;0.017;.;.;.;.;.;.;.;.;.;.
"Andel av fødte (prosent)";"Roman";.;0.018;0.034;0.065;0.047;0.045;0.053;0.063;0.022;0.016;.;0.021;0.020;0.022;0.017
"Andel av fødte (prosent)";"Ronald";0.086;0.076;0.073;0.062;0.059;0.037;0.011;0.021;.;.;0.011;.;.;.;.
"Andel av fødte (prosent)";"Ronnie";.;0.015;.;0.010;0.025;0.032;0.045;0.031;0.010;.;.;.;.;.;.
"Andel av fødte (prosent)";"Ronny";0.034;0.085;0.143;0.310;0.902;0.956;0.455;0.224;0.086;0.038;0.026;0.012;.;.;.
"Andel av fødte (prosent)";"Roy";0.306;0.613;0.641;0.687;0.637;0.438;0.304;0.203;0.111;0.065;0.017;0.027;0.014;.;0.021
"Andel av fødte (prosent)";"Ruben";.;.;.;0.030;0.025;0.066;0.082;0.162;0.306;0.417;0.290;0.173;0.113;0.078;0.050
"Andel av fødte (prosent)";"Rudi";.;.;0.011;0.025;0.015;0.032;0.085;0.037;0.049;0.024;.;.;.;.;.
"Andel av fødte (prosent)";"Rudolf";0.031;0.023;.;0.012;.;.;.;.;.;.;.;.;.;.;.
"Andel av fødte (prosent)";"Runar";0.067;0.134;0.271;0.230;0.201;0.180;0.177;0.133;0.192;0.177;0.105;0.045;0.043;0.016;.
"Andel av fødte (prosent)";"Rune";0.469;1.230;1.620;1.717;2.061;1.415;0.807;0.425;0.326;0.126;0.080;0.033;.;.;0.017
"Andel av fødte (prosent)";"Ryan";.;.;.;.;.;.;.;0.021;0.015;0.011;0.020;0.024;0.023;0.065;0.050
"Andel av fødte (prosent)";"Ryszard";.;0.032;0.039;0.050;0.032;0.024;0.016;.;.;.;.;.;.;.;.
"Andel av fødte (prosent)";"Said";0.012;0.015;0.039;0.052;0.056;0.029;0.050;0.039;0.030;0.030;0.043;0.018;0.017;0.012;.
"Andel av fødte (prosent)";"Salah";.;0.012;.;.;0.010;0.011;0.013;0.013;.;.;.;.;0.012;.;.
"Andel av fødte (prosent)";"Saleh";.;.;.;0.010;0.012;0.016;0.011;.;.;0.011;.;0.015;0.012;.;0.017
"Andel av fødte (prosent)";"Salman";.;.;.;.;.;.;.;.;.;0.013;0.017;0.018;0.014;0.022;.
"Andel av fødte (prosent)";"Sam";.;.;0.011;.;0.010;0.011;0.013;0.018;0.022;0.022;0.014;0.024;0.032;0.059;0.103
"Andel av fødte (prosent)";"Sami";.;.;.;.;0.027;0.011;.;0.018;0.017;0.013;0.011;0.012;0.020;0.028;0.037
"Andel av fødte (prosent)";"Samir";.;.;0.011;0.025;0.025;0.034;0.026;0.031;0.012;0.022;0.011;.;0.026;.;.
"Andel av fødte (prosent)";"Samson";.;.;.;.;0.010;.;0.011;0.010;.;0.013;0.017;.;0.023;0.034;0.021
"Andel av fødte (prosent)";"Samuel";0.034;.;0.014;0.015;0.027;0.018;0.061;0.063;0.074;0.086;0.131;0.236;0.275;0.370;0.479
"Andel av fødte (prosent)";"Sander";.;.;.;.;0.012;0.013;.;0.023;0.064;0.355;1.665;1.219;0.967;0.740;0.892
"Andel av fødte (prosent)";"Saulius";.;.;.;.;0.044;0.042;0.058;0.023;.;.;.;.;.;.;.
"Andel av fødte (prosent)";"Scott";.;.;.;.;0.022;0.021;0.011;.;0.030;0.032;0.051;0.058;0.046;0.053;0.041
"Andel av fødte (prosent)";"Sean";.;.;.;0.010;.;.;0.011;0.029;0.032;0.035;0.048;0.058;0.064;0.040;.
"Andel av fødte (prosent)";"Sebastian";.;.;.;.;0.020;0.129;0.172;0.190;0.336;0.608;1.025;1.246;1.033;0.843;0.611
"Andel av fødte (prosent)";"Selmer";.;.;.;.;.;.;.;.;.;.;.;0.012;0.026;0.019;0.062
"Andel av fødte (prosent)";"Severin";0.012;.;.;.;.;0.011;.;0.013;0.012;0.016;.;0.015;.;0.044;0.087
"Andel av fødte (prosent)";"Seyed";.;0.015;0.014;0.012;.;.;0.011;.;.;.;0.020;.;.;.;.
"Andel av fødte (prosent)";"Sigbjørn";0.144;0.131;0.106;0.135;0.074;0.077;0.071;0.042;0.079;0.048;0.057;0.012;.;.;0.033
"Andel av fødte (prosent)";"Sigfred";0.015;0.020;.;0.012;.;.;.;.;.;.;.;.;.;.;.
"Andel av fødte (prosent)";"Sigmund";0.340;0.184;0.146;0.082;0.074;0.066;0.053;0.052;0.037;0.043;0.037;0.024;0.026;0.016;0.033
"Andel av fødte (prosent)";"Sigurd";0.224;0.210;0.168;0.145;0.108;0.135;0.114;0.099;0.173;0.296;0.393;0.446;0.602;0.544;0.413
"Andel av fødte (prosent)";"Sigvald";0.012;0.020;.;.;.;.;0.013;.;.;.;.;.;.;.;.
"Andel av fødte (prosent)";"Sigvart";0.015;.;.;.;.;.;.;.;.;.;.;.;.;.;.
"Andel av fødte (prosent)";"Sigve";0.049;0.044;0.053;0.037;0.054;0.026;0.040;0.068;0.044;0.081;0.108;0.109;0.093;0.075;0.078
"Andel av fødte (prosent)";"Silas";.;.;.;.;.;.;.;.;.;.;.;0.024;0.052;0.109;0.206
"Andel av fødte (prosent)";"Simen";.;0.015;0.022;0.030;0.066;0.132;0.167;0.266;0.896;1.016;1.175;0.670;0.388;0.143;0.062
"Andel av fødte (prosent)";"Simon";0.018;0.012;0.025;0.032;0.047;0.098;0.130;0.266;0.387;0.446;0.589;0.406;0.405;0.236;0.128
"Andel av fødte (prosent)";"Sindre";0.015;0.023;0.036;0.035;0.071;0.087;0.204;0.381;0.639;0.852;0.706;0.485;0.315;0.171;0.091
"Andel av fødte (prosent)";"Sivert";0.018;0.020;0.020;0.015;.;.;0.013;0.013;0.049;0.210;0.427;0.267;0.301;0.277;0.149
"Andel av fødte (prosent)";"Sjur";0.058;0.032;0.070;0.055;0.061;0.050;0.056;0.034;0.032;0.040;0.063;0.036;0.041;0.031;0.041
"Andel av fødte (prosent)";"Skjalg";.;.;0.014;0.010;0.027;0.016;0.016;0.010;.;0.013;.;.;.;.;.
"Andel av fødte (prosent)";"Slawomir";.;.;0.028;0.065;0.108;0.137;0.095;0.044;0.030;.;.;.;.;.;.
"Andel av fødte (prosent)";"Snorre";0.034;0.026;0.045;0.082;0.069;0.053;0.029;0.029;0.047;0.129;0.131;0.064;0.084;0.075;0.050
"Andel av fødte (prosent)";"Solomon";.;.;.;0.012;0.017;0.024;0.019;0.021;0.010;0.022;.;.;.;.;.
"Andel av fødte (prosent)";"Sondre";.;.;.;.;0.015;0.116;0.079;0.146;0.503;1.089;0.979;0.870;0.642;0.551;0.293
"Andel av fødte (prosent)";"Stanislaw";0.021;0.023;0.076;0.065;0.056;0.037;0.024;0.010;.;.;.;.;.;0.012;0.029
"Andel av fødte (prosent)";"Stefan";.;0.023;0.048;0.042;0.078;0.100;0.132;0.149;0.190;0.102;0.083;0.061;0.061;0.087;0.074
"Andel av fødte (prosent)";"Steffan";.;.;.;.;.;.;0.021;0.034;0.022;0.013;.;.;.;.;.
"Andel av fødte (prosent)";"Steffen";.;0.015;0.022;0.037;0.066;0.114;0.127;0.613;0.410;0.328;0.256;0.139;0.043;0.034;.
"Andel av fødte (prosent)";"Stein";0.616;1.177;0.915;0.787;0.556;0.425;0.225;0.162;0.096;0.040;0.051;0.036;0.012;0.016;.
"Andel av fødte (prosent)";"Steinar";1.112;1.052;0.688;0.760;0.635;0.304;0.225;0.217;0.141;0.113;0.065;0.033;0.020;0.019;.
"Andel av fødte (prosent)";"Sten";0.107;0.070;0.104;0.132;0.189;0.069;0.037;0.016;0.017;0.022;.;.;.;.;.
"Andel av fødte (prosent)";"Stephan";.;.;.;0.017;0.029;0.018;0.034;0.063;0.037;0.013;0.011;0.015;.;.;.
"Andel av fødte (prosent)";"Stephen";0.021;0.035;0.031;0.022;0.025;0.026;0.029;0.037;0.052;0.016;0.014;.;.;.;.
"Andel av fødte (prosent)";"Steve";.;0.015;.;0.027;0.022;0.029;0.019;0.013;0.017;0.013;.;.;.;.;.
"Andel av fødte (prosent)";"Steven";.;0.018;0.025;0.032;0.027;0.029;0.034;0.037;0.049;0.032;0.023;0.021;0.023;0.012;.
"Andel av fødte (prosent)";"Stian";.;.;0.022;0.037;0.113;1.109;1.389;1.534;1.490;1.148;0.709;0.318;0.124;0.053;0.037
"Andel av fødte (prosent)";"Stig";0.169;0.467;0.658;0.850;1.064;0.758;0.476;0.313;0.188;0.099;0.065;0.012;0.014;.;.
"Andel av fødte (prosent)";"Storm";.;.;.;.;.;.;.;.;.;.;0.023;0.124;0.295;0.352;0.413
"Andel av fødte (prosent)";"Sture";0.031;0.020;0.028;0.027;0.027;0.024;.;.;.;.;.;.;.;.;.
"Andel av fødte (prosent)";"Sturla";0.037;0.029;0.039;0.020;0.034;0.032;0.045;0.016;0.015;0.022;0.020;0.012;0.020;.;.
"Andel av fødte (prosent)";"Ståle";0.147;0.178;0.210;0.327;0.382;0.327;0.164;0.097;0.081;0.022;0.017;0.015;0.012;.;.
"Andel av fødte (prosent)";"Svein";2.788;2.305;1.718;1.482;1.248;0.647;0.471;0.276;0.168;0.140;0.091;0.042;0.023;0.028;.
"Andel av fødte (prosent)";"Svein-Erik";0.018;.;0.017;.;0.017;0.011;0.011;0.010;0.010;.;.;.;.;.;.
"Andel av fødte (prosent)";"Sveinung";0.070;0.076;0.120;0.080;0.076;0.090;0.093;0.068;0.049;0.040;0.028;0.036;0.017;.;.
"Andel av fødte (prosent)";"Sven";0.267;0.257;0.285;0.257;0.221;0.187;0.183;0.097;0.109;0.065;0.054;0.015;0.017;0.022;0.041
"Andel av fødte (prosent)";"Svend";0.074;0.061;0.064;0.075;0.034;0.029;0.013;0.013;0.017;.;0.014;.;.;.;.
"Andel av fødte (prosent)";"Svenn";0.080;0.082;0.067;0.082;0.098;0.053;0.029;0.050;0.017;0.019;.;.;.;.;.
"Andel av fødte (prosent)";"Sverre";0.545;0.400;0.308;0.267;0.172;0.235;0.148;0.117;0.111;0.167;0.145;0.127;0.347;0.432;0.541
"Andel av fødte (prosent)";"Syed";.;0.012;0.011;.;.;0.026;0.034;0.042;0.039;0.016;.;0.027;0.026;0.022;0.017
"Andel av fødte (prosent)";"Sylwester";.;.;0.011;0.012;.;0.048;0.048;0.013;0.012;.;.;.;.;.;.
"Andel av fødte (prosent)";"Syver";.;.;.;.;.;.;.;.;0.017;0.043;0.040;0.088;0.078;0.106;0.107
"Andel av fødte (prosent)";"Sølve";.;.;.;0.015;0.020;0.034;0.019;.;0.012;0.019;0.023;0.024;0.035;0.031;0.037
"Andel av fødte (prosent)";"Szymon";.;.;.;.;.;0.011;0.021;0.050;0.032;0.035;0.026;0.030;0.041;0.028;0.025
"Andel av fødte (prosent)";"Søren";0.021;0.020;0.017;0.030;0.017;0.032;0.011;0.013;0.017;.;.;.;.;0.019;.
"Andel av fødte (prosent)";"Tadas";.;.;.;.;.;.;0.019;0.060;0.052;.;.;.;.;.;.
"Andel av fødte (prosent)";"Tadeusz";0.018;0.055;0.048;0.035;0.025;0.011;0.019;.;.;.;.;.;.;.;.
"Andel av fødte (prosent)";"Tage";.;0.015;0.017;0.017;0.022;0.021;.;0.021;0.020;0.035;0.040;0.058;0.052;0.047;0.037
"Andel av fødte (prosent)";"Tarald";0.012;0.015;.;.;.;.;.;0.013;.;0.027;0.037;0.033;.;0.016;.
"Andel av fødte (prosent)";"Tarjei";0.015;.;0.017;0.015;0.029;0.034;0.053;0.034;0.086;0.054;0.043;0.061;0.049;0.050;0.066
"Andel av fødte (prosent)";"Ted";.;.;.;0.025;0.022;0.026;.;0.016;0.010;.;.;0.015;.;.;.
"Andel av fødte (prosent)";"Tellef";0.018;.;.;.;0.010;.;.;.;.;.;0.011;.;0.026;.;0.021
"Andel av fødte (prosent)";"Teo";.;.;.;.;.;.;.;.;.;.;0.014;0.027;0.058;0.078;0.111
"Andel av fødte (prosent)";"Teodor";.;.;.;.;.;.;0.011;.;0.015;0.022;0.088;0.179;0.200;0.233;0.169
"Andel av fødte (prosent)";"Terje";1.851;1.951;1.811;1.810;1.358;0.781;0.492;0.295;0.148;0.073;0.028;0.018;0.014;.;.
"Andel av fødte (prosent)";"Thanh";.;0.012;0.017;0.022;0.017;0.021;0.016;0.023;0.015;0.011;.;.;.;.;.
"Andel av fødte (prosent)";"Theo";.;.;.;.;.;.;.;.;0.010;0.013;0.037;0.249;0.443;0.544;0.665
"Andel av fødte (prosent)";"Theodor";.;.;.;.;.;.;0.011;.;0.032;0.073;0.145;0.488;0.619;0.821;0.842
"Andel av fødte (prosent)";"Thomas";0.086;0.131;0.140;0.242;0.926;2.196;1.846;1.750;1.930;1.419;1.138;0.776;0.518;0.436;0.248
"Andel av fødte (prosent)";"Thor";0.542;0.488;0.467;0.395;0.316;0.219;0.227;0.203;0.151;0.126;0.074;0.064;0.075;0.124;0.144
"Andel av fødte (prosent)";"Thorbjørn";0.110;0.114;0.070;0.040;0.059;0.026;0.042;0.029;0.022;0.016;0.014;0.024;0.012;0.012;0.017
"Andel av fødte (prosent)";"Thore";0.150;0.088;0.084;0.080;0.061;0.018;0.026;0.013;0.017;.;.;.;.;.;.
"Andel av fødte (prosent)";"Thorleif";0.092;0.038;0.045;0.025;0.015;0.013;0.011;.;0.012;.;.;.;.;.;.
"Andel av fødte (prosent)";"Thorstein";0.031;0.023;0.020;.;0.017;0.013;0.013;0.016;0.015;.;.;.;.;.;.
"Andel av fødte (prosent)";"Thorvald";0.034;.;0.011;.;.;.;.;.;.;0.011;0.017;.;0.023;0.047;0.054
"Andel av fødte (prosent)";"Tim";.;.;0.011;0.022;0.054;0.045;0.056;0.073;0.079;0.099;0.080;0.070;0.101;0.075;0.058
"Andel av fødte (prosent)";"Timian";.;.;.;.;.;.;.;.;.;.;.;.;0.058;0.025;0.017
"Andel av fødte (prosent)";"Timothy";.;.;.;0.012;0.010;0.016;0.019;.;0.025;.;.;0.012;0.012;0.012;.
"Andel av fødte (prosent)";"Tobias";.;.;.;.;.;0.032;0.050;0.060;0.234;0.430;1.187;1.452;1.036;0.846;0.937
"Andel av fødte (prosent)";"Tom";0.784;1.084;1.500;1.022;0.949;0.927;0.680;0.550;0.355;0.272;0.122;0.085;0.064;0.059;0.050
"Andel av fødte (prosent)";"Tom-Erik";.;.;0.017;0.010;0.010;0.021;0.034;0.034;0.017;0.011;.;.;.;.;.
"Andel av fødte (prosent)";"Tomas";0.018;0.020;0.022;0.030;0.061;0.235;0.283;0.331;0.229;0.156;0.105;0.097;0.069;0.044;0.033
"Andel av fødte (prosent)";"Tomasz";.;0.012;0.011;0.037;0.169;0.325;0.442;0.303;0.128;0.035;0.023;.;0.023;0.016;.
"Andel av fødte (prosent)";"Tommy";0.067;0.131;0.330;0.265;0.735;1.027;0.680;0.579;0.496;0.325;0.157;0.127;0.055;0.022;0.029
"Andel av fødte (prosent)";"Toni";.;.;.;.;.;0.011;.;0.016;.;.;0.011;.;.;.;.
"Andel av fødte (prosent)";"Tonny";.;.;0.025;0.012;0.037;0.037;0.016;0.010;.;.;.;.;.;.;.
"Andel av fødte (prosent)";"Tony";.;0.023;0.053;0.037;0.078;0.092;0.098;0.104;0.128;0.110;0.065;0.039;0.035;0.012;0.021
"Andel av fødte (prosent)";"Tor";1.569;1.563;1.408;1.255;0.978;0.802;0.796;0.595;0.454;0.347;0.276;0.227;0.110;0.112;0.136
"Andel av fødte (prosent)";"Tor-Arne";.;.;.;0.030;0.027;0.024;0.011;0.026;0.015;.;.;.;.;.;.
"Andel av fødte (prosent)";"Tor-Erik";.;.;.;0.010;.;0.034;0.034;0.013;0.017;0.019;.;.;.;.;.
"Andel av fødte (prosent)";"Toralf";0.037;0.050;0.025;0.030;0.010;0.013;0.013;.;.;.;.;.;.;0.016;.
"Andel av fødte (prosent)";"Torben";.;.;.;.;0.015;0.037;0.021;0.010;0.020;.;0.014;0.024;0.012;0.034;0.033
"Andel av fødte (prosent)";"Torbjørn";0.518;0.432;0.330;0.282;0.319;0.222;0.283;0.185;0.217;0.188;0.117;0.091;0.087;0.075;0.062
"Andel av fødte (prosent)";"Tord";0.015;.;0.022;0.035;0.076;0.079;0.053;0.050;0.089;0.142;0.131;0.094;0.061;0.059;0.021
"Andel av fødte (prosent)";"Tore";1.192;1.104;1.047;1.192;0.865;0.570;0.431;0.326;0.215;0.121;0.083;0.055;0.026;0.019;.
"Andel av fødte (prosent)";"Torfinn";0.110;0.114;0.087;0.060;0.047;0.016;0.032;0.010;0.015;0.011;0.011;.;.;.;.
"Andel av fødte (prosent)";"Torgeir";0.172;0.216;0.176;0.310;0.176;0.137;0.135;0.141;0.106;0.102;0.031;0.021;.;0.016;.
"Andel av fødte (prosent)";"Torger";0.046;0.018;0.034;0.012;0.017;0.018;0.011;.;.;.;.;.;.;.;.
"Andel av fødte (prosent)";"Torgrim";.;0.018;0.036;0.025;0.051;0.034;0.021;0.021;.;0.024;0.023;0.015;0.012;.;.
"Andel av fødte (prosent)";"Torje";.;.;.;.;.;.;0.021;0.026;0.032;0.024;0.043;0.024;0.049;0.022;0.029
"Andel av fødte (prosent)";"Torjus";0.015;.;.;.;.;0.016;0.011;0.018;0.039;0.059;0.117;0.127;0.098;0.053;0.045
"Andel av fødte (prosent)";"Torkel";0.012;0.020;0.025;0.022;0.032;0.026;0.029;0.018;0.020;0.035;0.023;0.018;0.014;0.019;0.037
"Andel av fødte (prosent)";"Torkil";.;0.012;0.011;0.017;0.010;0.013;0.016;0.013;0.039;0.024;0.011;0.018;0.017;.;.
"Andel av fødte (prosent)";"Torkild";0.015;0.015;0.011;.;0.015;0.021;0.013;0.010;.;.;.;.;.;.;.
"Andel av fødte (prosent)";"Torleif";0.156;0.082;0.050;0.040;0.034;0.016;0.024;0.016;0.010;0.016;.;.;.;0.012;.
"Andel av fødte (prosent)";"Torleiv";0.025;0.023;0.017;0.017;0.012;0.013;0.011;.;.;.;.;.;.;.;.
"Andel av fødte (prosent)";"Tormod";0.214;0.193;0.179;0.135;0.091;0.111;0.093;0.070;0.057;0.048;0.046;0.061;0.023;0.012;0.045
"Andel av fødte (prosent)";"Torodd";0.028;0.018;.;.;0.015;.;.;.;.;.;.;.;.;.;.
"Andel av fødte (prosent)";"Torstein";0.211;0.193;0.160;0.150;0.125;0.121;0.127;0.180;0.200;0.175;0.131;0.079;0.035;0.034;0.029
"Andel av fødte (prosent)";"Torvald";0.015;0.012;.;.;.;.;.;.;.;0.011;.;.;0.012;0.019;0.017
"Andel av fødte (prosent)";"Tristan";.;.;.;.;.;.;.;.;.;.;0.026;0.073;0.084;0.047;0.025
"Andel av fødte (prosent)";"Tron";0.034;0.044;0.036;0.042;0.042;0.037;.;.;0.010;.;.;.;.;.;.
"Andel av fødte (prosent)";"Trond";0.800;1.259;1.369;1.562;1.476;0.977;0.727;0.396;0.225;0.132;0.057;0.048;0.023;0.025;.
"Andel av fødte (prosent)";"Troy";.;.;.;.;.;.;.;.;.;.;0.020;0.067;0.046;0.040;0.025
"Andel av fødte (prosent)";"Truls";0.077;0.096;0.115;0.087;0.078;0.119;0.135;0.097;0.173;0.172;0.188;0.136;0.069;0.040;0.021
"Andel av fødte (prosent)";"Trygve";0.355;0.231;0.241;0.147;0.118;0.135;0.132;0.099;0.084;0.126;0.157;0.124;0.133;0.128;0.128
"Andel av fødte (prosent)";"Trym";.;.;0.011;0.017;0.010;0.029;0.011;0.016;0.047;0.183;0.379;0.394;0.420;0.364;0.235
"Andel av fødte (prosent)";"Tønnes";.;0.012;.;.;.;.;.;.;.;.;.;.;0.012;0.019;0.037
"Andel av fødte (prosent)";"Ulf";0.242;0.222;0.229;0.155;0.164;0.071;0.048;0.026;0.020;0.011;0.011;.;.;.;.
"Andel av fødte (prosent)";"Ulrik";.;.;.;0.012;.;0.013;0.013;0.023;0.054;0.086;0.188;0.239;0.339;0.442;0.677
"Andel av fødte (prosent)";"Usman";.;.;.;.;.;.;0.011;0.023;0.032;0.016;0.011;.;.;.;.
"Andel av fødte (prosent)";"Vaidas";.;.;.;.;0.012;0.032;0.021;0.031;0.017;.;.;.;.;.;.
"Andel av fødte (prosent)";"Valentin";.;.;0.011;0.010;.;0.016;0.026;0.018;.;0.011;0.031;0.015;0.017;0.016;.
"Andel av fødte (prosent)";"Van";.;0.023;0.020;0.010;0.012;.;.;0.010;.;.;.;.;.;.;.
"Andel av fødte (prosent)";"Varg";.;.;.;.;.;.;.;.;.;.;.;.;0.049;0.047;0.103
"Andel av fødte (prosent)";"Vebjørn";.;.;.;0.020;0.032;0.037;0.032;0.026;0.032;0.339;0.165;0.115;0.113;0.087;0.120
"Andel av fødte (prosent)";"Vegar";.;.;0.017;0.010;0.088;0.108;0.122;0.081;0.138;0.083;0.083;0.045;0.023;0.012;.
"Andel av fødte (prosent)";"Vegard";0.015;0.038;0.042;0.097;0.186;0.327;0.384;0.467;0.617;0.608;0.598;0.264;0.211;0.149;0.120
"Andel av fødte (prosent)";"Vemund";.;.;.;0.015;0.010;0.029;0.011;0.013;0.017;0.108;0.091;0.085;0.069;0.084;0.116
"Andel av fødte (prosent)";"Vetle";0.012;.;0.011;.;.;0.018;0.013;0.010;0.086;0.312;0.407;0.421;0.379;0.308;0.479
"Andel av fødte (prosent)";"Victor";0.025;0.038;0.036;0.045;0.039;0.016;0.037;0.063;0.109;0.129;0.225;0.246;0.220;0.268;0.314
"Andel av fødte (prosent)";"Vidar";0.512;0.721;0.700;0.745;0.674;0.578;0.347;0.266;0.155;0.105;0.043;0.021;0.014;0.016;0.033
"Andel av fødte (prosent)";"Viggo";0.159;0.129;0.132;0.072;0.071;0.055;0.029;0.021;0.015;.;.;.;0.029;0.012;0.017
"Andel av fødte (prosent)";"Viktor";0.058;0.041;0.028;0.017;0.027;0.021;0.021;0.060;0.052;0.099;0.165;0.197;0.223;0.292;0.405
"Andel av fødte (prosent)";"Vilhelm";.;.;.;.;.;.;.;.;.;.;.;.;0.029;0.031;0.037
"Andel av fødte (prosent)";"Viljar";.;.;.;.;.;.;.;.;0.012;0.035;0.065;0.152;0.179;0.227;0.227
"Andel av fødte (prosent)";"Villy";0.083;0.047;0.014;.;.;.;.;.;.;.;.;.;.;.;.
"Andel av fødte (prosent)";"Vincent";.;.;.;.;.;0.016;0.013;0.029;0.017;0.011;0.037;0.036;0.064;0.118;0.091
"Andel av fødte (prosent)";"Vladimir";0.025;0.015;0.031;0.015;0.029;0.034;0.050;0.047;0.015;0.011;.;0.012;.;.;.
"Andel av fødte (prosent)";"Vytautas";.;.;0.014;0.020;0.012;0.032;0.019;0.039;0.037;.;.;.;.;.;.
"Andel av fødte (prosent)";"Waldemar";0.012;0.012;0.045;0.062;0.039;0.045;0.034;0.013;.;0.011;.;0.018;.;.;.
"Andel av fødte (prosent)";"Walid";.;.;.;.;.;0.024;0.024;0.013;.;0.013;0.031;.;0.014;.;.
"Andel av fødte (prosent)";"Walter";0.052;0.038;0.036;0.027;0.012;0.016;0.011;0.010;.;.;0.011;.;.;0.025;0.054
"Andel av fødte (prosent)";"Werner";0.052;0.047;0.048;0.045;0.061;0.029;0.019;0.018;.;.;.;.;.;.;.
"Andel av fødte (prosent)";"Widar";0.015;0.023;0.011;0.010;0.015;.;.;.;.;.;.;.;.;.;.
"Andel av fødte (prosent)";"Wieslaw";0.012;0.023;0.056;0.062;0.034;0.026;0.011;.;.;.;.;.;.;.;.
"Andel av fødte (prosent)";"Wiggo";0.043;0.032;0.028;0.025;0.037;0.021;0.021;.;.;.;.;.;.;.;.
"Andel av fødte (prosent)";"Wiktor";.;.;.;.;.;.;.;.;0.012;0.013;0.026;0.033;0.064;0.044;0.054
"Andel av fødte (prosent)";"Wilhelm";0.034;0.041;.;0.017;0.012;0.013;0.021;0.018;0.027;0.030;0.043;0.030;0.069;0.109;0.107
"Andel av fødte (prosent)";"William";0.034;0.032;0.039;0.050;0.025;0.050;0.063;0.104;0.123;0.242;0.504;0.800;1.331;1.506;1.209
"Andel av fødte (prosent)";"Willy";0.319;0.210;0.157;0.142;0.049;0.032;0.011;0.016;0.012;.;.;0.024;.;.;0.025
"Andel av fødte (prosent)";"Wilmer";.;.;.;.;.;.;.;.;.;.;.;.;0.026;0.065;0.091
"Andel av fødte (prosent)";"Wojciech";.;.;0.028;0.052;0.110;0.124;0.156;0.073;0.047;0.024;0.011;.;0.014;0.022;.
"Andel av fødte (prosent)";"Yahya";.;.;.;.;.;.;.;0.013;.;.;0.011;.;0.012;0.034;0.021
"Andel av fødte (prosent)";"Yasin";.;.;.;.;.;0.011;0.016;0.026;0.022;0.022;0.020;0.030;0.041;0.028;0.033
"Andel av fødte (prosent)";"Yngvar";0.098;0.055;0.045;0.052;0.037;0.037;0.013;0.010;.;.;.;.;.;.;.
"Andel av fødte (prosent)";"Yngve";0.138;0.137;0.118;0.140;0.211;0.180;0.119;0.089;0.052;0.032;0.031;0.030;.;.;.
"Andel av fødte (prosent)";"Yonas";.;.;.;.;0.017;0.011;0.019;0.026;0.037;0.016;0.014;0.012;0.012;.;.
"Andel av fødte (prosent)";"Yosef";.;.;.;.;.;.;0.011;0.013;.;.;.;0.015;0.017;0.012;0.050
"Andel av fødte (prosent)";"Yousef";.;.;.;.;0.015;.;.;0.023;0.020;0.022;0.020;0.030;0.055;0.072;0.070
"Andel av fødte (prosent)";"Youssef";.;.;0.011;.;0.017;.;.;.;.;0.011;0.034;.;0.026;0.022;.
"Andel av fødte (prosent)";"Yusuf";.;0.015;0.014;0.010;0.029;.;0.024;0.021;0.017;0.011;0.020;0.030;0.055;0.100;0.062
"Andel av fødte (prosent)";"Zakaria";.;.;.;.;.;.;.;.;0.010;0.016;0.026;0.045;0.032;0.040;0.050
"Andel av fødte (prosent)";"Zbigniew";.;0.055;0.118;0.077;0.083;0.058;0.050;0.016;.;.;.;.;.;.;.
"Andel av fødte (prosent)";"Zoran";.;.;0.025;0.017;.;0.011;0.016;0.010;.;.;.;.;.;.;.
"Andel av fødte (prosent)";"Øistein";0.061;0.102;0.053;0.070;0.020;0.032;0.024;0.021;0.012;.;.;.;.;.;.
"Andel av fødte (prosent)";"Øivind";0.411;0.321;0.227;0.190;0.157;0.114;0.085;0.076;0.047;0.032;0.020;.;.;0.016;.
"Andel av fødte (prosent)";"Ørjan";0.028;0.015;0.042;0.060;0.174;0.240;0.246;0.230;0.343;0.196;0.134;0.112;0.058;0.028;0.017
"Andel av fødte (prosent)";"Ørnulf";0.049;0.032;0.028;0.012;0.017;0.013;.;.;.;.;.;.;.;.;.
"Andel av fødte (prosent)";"Øystein";0.545;0.590;0.504;0.545;0.699;0.636;0.725;0.509;0.348;0.285;0.148;0.085;0.043;0.037;0.021
"Andel av fødte (prosent)";"Øyvind";0.555;0.643;0.638;0.782;0.956;0.726;0.960;0.681;0.481;0.360;0.165;0.100;0.064;0.025;0.021
"Andel av fødte (prosent)";"Ådne";0.021;0.026;0.020;0.017;0.017;.;0.013;.;0.030;0.126;0.145;0.088;0.078;0.034;0.045
"Andel av fødte (prosent)";"Åge";0.453;0.426;0.313;0.222;0.100;0.103;0.056;0.034;0.039;0.019;.;.;.;.;0.017
"Andel av fødte (prosent)";"Åsmund";0.107;0.073;0.070;0.047;0.047;0.058;0.090;0.110;0.067;0.105;0.068;0.042;0.067;0.068;0.107
